País,ano,quantidade,valor_usd,produto,tipo
Afeganistão,1970,0,0,Uvas Passas,Importação
Afeganistão,1971,0,0,Uvas Passas,Importação
Afeganistão,1972,0,0,Uvas Passas,Importação
Afeganistão,1973,0,0,Uvas Passas,Importação
Afeganistão,1974,0,0,Uvas Passas,Importação
Afeganistão,1975,0,0,Uvas Passas,Importação
Afeganistão,1976,0,0,Uvas Passas,Importação
Afeganistão,1977,0,0,Uvas Passas,Importação
Afeganistão,1978,0,0,Uvas Passas,Importação
Afeganistão,1979,0,0,Uvas Passas,Importação
Afeganistão,1980,0,0,Uvas Passas,Importação
Afeganistão,1981,0,0,Uvas Passas,Importação
Afeganistão,1982,0,0,Uvas Passas,Importação
Afeganistão,1983,0,0,Uvas Passas,Importação
Afeganistão,1984,0,0,Uvas Passas,Importação
Afeganistão,1985,0,0,Uvas Passas,Importação
Afeganistão,1986,0,0,Uvas Passas,Importação
Afeganistão,1987,0,0,Uvas Passas,Importação
Afeganistão,1988,0,0,Uvas Passas,Importação
Afeganistão,1989,0,0,Uvas Passas,Importação
Afeganistão,1990,0,0,Uvas Passas,Importação
Afeganistão,1991,0,0,Uvas Passas,Importação
Afeganistão,1992,0,0,Uvas Passas,Importação
Afeganistão,1993,0,0,Uvas Passas,Importação
Afeganistão,1994,0,0,Uvas Passas,Importação
Afeganistão,1995,0,0,Uvas Passas,Importação
Afeganistão,1996,0,0,Uvas Passas,Importação
Afeganistão,1997,0,0,Uvas Passas,Importação
Afeganistão,1998,0,0,Uvas Passas,Importação
Afeganistão,1999,0,0,Uvas Passas,Importação
Afeganistão,2000,0,0,Uvas Passas,Importação
Afeganistão,2001,0,0,Uvas Passas,Importação
Afeganistão,2002,0,0,Uvas Passas,Importação
Afeganistão,2003,0,0,Uvas Passas,Importação
Afeganistão,2004,0,0,Uvas Passas,Importação
Afeganistão,2005,0,0,Uvas Passas,Importação
Afeganistão,2006,0,0,Uvas Passas,Importação
Afeganistão,2007,0,0,Uvas Passas,Importação
Afeganistão,2008,0,0,Uvas Passas,Importação
Afeganistão,2009,0,0,Uvas Passas,Importação
Afeganistão,2010,18000,28050,Uvas Passas,Importação
Afeganistão,2011,400000,669059,Uvas Passas,Importação
Afeganistão,2012,0,0,Uvas Passas,Importação
Afeganistão,2013,18000,32600,Uvas Passas,Importação
Afeganistão,2014,456000,789790,Uvas Passas,Importação
Afeganistão,2015,125000,179545,Uvas Passas,Importação
Afeganistão,2016,0,0,Uvas Passas,Importação
Afeganistão,2017,0,0,Uvas Passas,Importação
Afeganistão,2018,0,0,Uvas Passas,Importação
Afeganistão,2019,40000,65452,Uvas Passas,Importação
Afeganistão,2020,0,0,Uvas Passas,Importação
Afeganistão,2021,0,484,Uvas Passas,Importação
Afeganistão,2022,0,0,Uvas Passas,Importação
Afeganistão,2023,0,0,Uvas Passas,Importação
África do Sul,1970,0,0,Uvas Passas,Importação
África do Sul,1971,0,0,Uvas Passas,Importação
África do Sul,1972,0,0,Uvas Passas,Importação
África do Sul,1973,0,0,Uvas Passas,Importação
África do Sul,1974,0,0,Uvas Passas,Importação
África do Sul,1975,72000,54360,Uvas Passas,Importação
África do Sul,1976,0,0,Uvas Passas,Importação
África do Sul,1977,0,0,Uvas Passas,Importação
África do Sul,1978,0,0,Uvas Passas,Importação
África do Sul,1979,0,0,Uvas Passas,Importação
África do Sul,1980,0,0,Uvas Passas,Importação
África do Sul,1981,0,0,Uvas Passas,Importação
África do Sul,1982,0,0,Uvas Passas,Importação
África do Sul,1983,0,0,Uvas Passas,Importação
África do Sul,1984,0,0,Uvas Passas,Importação
África do Sul,1985,0,0,Uvas Passas,Importação
África do Sul,1986,0,0,Uvas Passas,Importação
África do Sul,1987,0,0,Uvas Passas,Importação
África do Sul,1988,0,0,Uvas Passas,Importação
África do Sul,1989,0,0,Uvas Passas,Importação
África do Sul,1990,0,0,Uvas Passas,Importação
África do Sul,1991,0,0,Uvas Passas,Importação
África do Sul,1992,0,0,Uvas Passas,Importação
África do Sul,1993,0,0,Uvas Passas,Importação
África do Sul,1994,0,0,Uvas Passas,Importação
África do Sul,1995,0,0,Uvas Passas,Importação
África do Sul,1996,0,0,Uvas Passas,Importação
África do Sul,1997,15253,29681,Uvas Passas,Importação
África do Sul,1998,178585,341606,Uvas Passas,Importação
África do Sul,1999,66912,123771,Uvas Passas,Importação
África do Sul,2000,35617,54452,Uvas Passas,Importação
África do Sul,2001,152070,190827,Uvas Passas,Importação
África do Sul,2002,88885,103632,Uvas Passas,Importação
África do Sul,2003,59000,96513,Uvas Passas,Importação
África do Sul,2004,0,0,Uvas Passas,Importação
África do Sul,2005,17940,23195,Uvas Passas,Importação
África do Sul,2006,19000,27050,Uvas Passas,Importação
África do Sul,2007,99500,215677,Uvas Passas,Importação
África do Sul,2008,641051,1032307,Uvas Passas,Importação
África do Sul,2009,195000,563360,Uvas Passas,Importação
África do Sul,2010,700846,2037012,Uvas Passas,Importação
África do Sul,2011,184250,596923,Uvas Passas,Importação
África do Sul,2012,986750,3527083,Uvas Passas,Importação
África do Sul,2013,0,0,Uvas Passas,Importação
África do Sul,2014,2220275,3507617,Uvas Passas,Importação
África do Sul,2015,1418063,3278109,Uvas Passas,Importação
África do Sul,2016,617500,1487082,Uvas Passas,Importação
África do Sul,2017,370500,942442,Uvas Passas,Importação
África do Sul,2018,1089700,3106052,Uvas Passas,Importação
África do Sul,2019,270875,763921,Uvas Passas,Importação
África do Sul,2020,616688,1433381,Uvas Passas,Importação
África do Sul,2021,327000,531327,Uvas Passas,Importação
África do Sul,2022,657826,1266633,Uvas Passas,Importação
África do Sul,2023,151500,397825,Uvas Passas,Importação
"Alemanha, República Democrática",1970,0,0,Uvas Passas,Importação
"Alemanha, República Democrática",1971,0,0,Uvas Passas,Importação
"Alemanha, República Democrática",1972,3000,3366,Uvas Passas,Importação
"Alemanha, República Democrática",1973,0,0,Uvas Passas,Importação
"Alemanha, República Democrática",1974,0,0,Uvas Passas,Importação
"Alemanha, República Democrática",1975,29988,2283,Uvas Passas,Importação
"Alemanha, República Democrática",1976,0,0,Uvas Passas,Importação
"Alemanha, República Democrática",1977,0,0,Uvas Passas,Importação
"Alemanha, República Democrática",1978,0,0,Uvas Passas,Importação
"Alemanha, República Democrática",1979,0,0,Uvas Passas,Importação
"Alemanha, República Democrática",1980,0,0,Uvas Passas,Importação
"Alemanha, República Democrática",1981,0,0,Uvas Passas,Importação
"Alemanha, República Democrática",1982,0,0,Uvas Passas,Importação
"Alemanha, República Democrática",1983,0,0,Uvas Passas,Importação
"Alemanha, República Democrática",1984,0,0,Uvas Passas,Importação
"Alemanha, República Democrática",1985,0,0,Uvas Passas,Importação
"Alemanha, República Democrática",1986,0,0,Uvas Passas,Importação
"Alemanha, República Democrática",1987,0,0,Uvas Passas,Importação
"Alemanha, República Democrática",1988,0,0,Uvas Passas,Importação
"Alemanha, República Democrática",1989,0,0,Uvas Passas,Importação
"Alemanha, República Democrática",1990,0,0,Uvas Passas,Importação
"Alemanha, República Democrática",1991,0,0,Uvas Passas,Importação
"Alemanha, República Democrática",1992,0,0,Uvas Passas,Importação
"Alemanha, República Democrática",1993,0,0,Uvas Passas,Importação
"Alemanha, República Democrática",1994,3,8,Uvas Passas,Importação
"Alemanha, República Democrática",1995,12,22,Uvas Passas,Importação
"Alemanha, República Democrática",1996,29,31,Uvas Passas,Importação
"Alemanha, República Democrática",1997,95005,107123,Uvas Passas,Importação
"Alemanha, República Democrática",1998,143,101,Uvas Passas,Importação
"Alemanha, República Democrática",1999,0,0,Uvas Passas,Importação
"Alemanha, República Democrática",2000,0,0,Uvas Passas,Importação
"Alemanha, República Democrática",2001,0,0,Uvas Passas,Importação
"Alemanha, República Democrática",2002,0,0,Uvas Passas,Importação
"Alemanha, República Democrática",2003,0,0,Uvas Passas,Importação
"Alemanha, República Democrática",2004,0,0,Uvas Passas,Importação
"Alemanha, República Democrática",2005,0,0,Uvas Passas,Importação
"Alemanha, República Democrática",2006,0,0,Uvas Passas,Importação
"Alemanha, República Democrática",2007,0,0,Uvas Passas,Importação
"Alemanha, República Democrática",2008,0,0,Uvas Passas,Importação
"Alemanha, República Democrática",2009,0,0,Uvas Passas,Importação
"Alemanha, República Democrática",2010,0,0,Uvas Passas,Importação
"Alemanha, República Democrática",2011,0,0,Uvas Passas,Importação
"Alemanha, República Democrática",2012,0,0,Uvas Passas,Importação
"Alemanha, República Democrática",2013,0,0,Uvas Passas,Importação
"Alemanha, República Democrática",2014,0,0,Uvas Passas,Importação
"Alemanha, República Democrática",2015,0,0,Uvas Passas,Importação
"Alemanha, República Democrática",2016,0,0,Uvas Passas,Importação
"Alemanha, República Democrática",2017,0,0,Uvas Passas,Importação
"Alemanha, República Democrática",2018,0,0,Uvas Passas,Importação
"Alemanha, República Democrática",2019,0,0,Uvas Passas,Importação
"Alemanha, República Democrática",2020,0,0,Uvas Passas,Importação
"Alemanha, República Democrática",2021,0,0,Uvas Passas,Importação
"Alemanha, República Democrática",2022,0,0,Uvas Passas,Importação
"Alemanha, República Democrática",2023,0,0,Uvas Passas,Importação
Arábia Saudita,1970,0,0,Uvas Passas,Importação
Arábia Saudita,1971,0,0,Uvas Passas,Importação
Arábia Saudita,1972,0,0,Uvas Passas,Importação
Arábia Saudita,1973,0,0,Uvas Passas,Importação
Arábia Saudita,1974,0,0,Uvas Passas,Importação
Arábia Saudita,1975,0,0,Uvas Passas,Importação
Arábia Saudita,1976,0,0,Uvas Passas,Importação
Arábia Saudita,1977,0,0,Uvas Passas,Importação
Arábia Saudita,1978,0,0,Uvas Passas,Importação
Arábia Saudita,1979,0,0,Uvas Passas,Importação
Arábia Saudita,1980,0,0,Uvas Passas,Importação
Arábia Saudita,1981,0,0,Uvas Passas,Importação
Arábia Saudita,1982,0,0,Uvas Passas,Importação
Arábia Saudita,1983,0,0,Uvas Passas,Importação
Arábia Saudita,1984,0,0,Uvas Passas,Importação
Arábia Saudita,1985,0,0,Uvas Passas,Importação
Arábia Saudita,1986,0,0,Uvas Passas,Importação
Arábia Saudita,1987,0,0,Uvas Passas,Importação
Arábia Saudita,1988,0,0,Uvas Passas,Importação
Arábia Saudita,1989,0,0,Uvas Passas,Importação
Arábia Saudita,1990,0,0,Uvas Passas,Importação
Arábia Saudita,1991,0,0,Uvas Passas,Importação
Arábia Saudita,1992,0,0,Uvas Passas,Importação
Arábia Saudita,1993,0,0,Uvas Passas,Importação
Arábia Saudita,1994,0,0,Uvas Passas,Importação
Arábia Saudita,1995,0,0,Uvas Passas,Importação
Arábia Saudita,1996,0,0,Uvas Passas,Importação
Arábia Saudita,1997,0,0,Uvas Passas,Importação
Arábia Saudita,1998,0,0,Uvas Passas,Importação
Arábia Saudita,1999,0,0,Uvas Passas,Importação
Arábia Saudita,2000,0,0,Uvas Passas,Importação
Arábia Saudita,2001,0,0,Uvas Passas,Importação
Arábia Saudita,2002,0,0,Uvas Passas,Importação
Arábia Saudita,2003,18000,16900,Uvas Passas,Importação
Arábia Saudita,2004,0,0,Uvas Passas,Importação
Arábia Saudita,2005,0,0,Uvas Passas,Importação
Arábia Saudita,2006,0,0,Uvas Passas,Importação
Arábia Saudita,2007,0,0,Uvas Passas,Importação
Arábia Saudita,2008,0,0,Uvas Passas,Importação
Arábia Saudita,2009,0,0,Uvas Passas,Importação
Arábia Saudita,2010,0,0,Uvas Passas,Importação
Arábia Saudita,2011,0,0,Uvas Passas,Importação
Arábia Saudita,2012,0,0,Uvas Passas,Importação
Arábia Saudita,2013,0,0,Uvas Passas,Importação
Arábia Saudita,2014,0,0,Uvas Passas,Importação
Arábia Saudita,2015,0,0,Uvas Passas,Importação
Arábia Saudita,2016,0,0,Uvas Passas,Importação
Arábia Saudita,2017,0,0,Uvas Passas,Importação
Arábia Saudita,2018,0,0,Uvas Passas,Importação
Arábia Saudita,2019,0,0,Uvas Passas,Importação
Arábia Saudita,2020,0,0,Uvas Passas,Importação
Arábia Saudita,2021,0,0,Uvas Passas,Importação
Arábia Saudita,2022,0,0,Uvas Passas,Importação
Arábia Saudita,2023,0,0,Uvas Passas,Importação
Argentina,1970,1530058,845068,Uvas Passas,Importação
Argentina,1971,1206326,936632,Uvas Passas,Importação
Argentina,1972,1047482,981648,Uvas Passas,Importação
Argentina,1973,1277380,1848195,Uvas Passas,Importação
Argentina,1974,1004987,1154210,Uvas Passas,Importação
Argentina,1975,1583972,1142114,Uvas Passas,Importação
Argentina,1976,2731566,2573741,Uvas Passas,Importação
Argentina,1977,2549687,2663929,Uvas Passas,Importação
Argentina,1978,2385266,2683017,Uvas Passas,Importação
Argentina,1979,1527094,3998797,Uvas Passas,Importação
Argentina,1980,1586137,3707049,Uvas Passas,Importação
Argentina,1981,1558200,1937074,Uvas Passas,Importação
Argentina,1982,1875664,1739134,Uvas Passas,Importação
Argentina,1983,2238826,1476166,Uvas Passas,Importação
Argentina,1984,1662475,1626556,Uvas Passas,Importação
Argentina,1985,1519220,1420332,Uvas Passas,Importação
Argentina,1986,2116776,2515764,Uvas Passas,Importação
Argentina,1987,3011500,2988697,Uvas Passas,Importação
Argentina,1988,7894789,7741832,Uvas Passas,Importação
Argentina,1989,6392930,6765394,Uvas Passas,Importação
Argentina,1990,3758190,3641098,Uvas Passas,Importação
Argentina,1991,4726726,4931971,Uvas Passas,Importação
Argentina,1992,3061443,4023359,Uvas Passas,Importação
Argentina,1993,1772727,3079487,Uvas Passas,Importação
Argentina,1994,4433113,5435003,Uvas Passas,Importação
Argentina,1995,4172453,4708913,Uvas Passas,Importação
Argentina,1996,7103048,8416185,Uvas Passas,Importação
Argentina,1997,5673231,8436301,Uvas Passas,Importação
Argentina,1998,4237403,6256924,Uvas Passas,Importação
Argentina,1999,3438508,4855950,Uvas Passas,Importação
Argentina,2000,3367629,3886025,Uvas Passas,Importação
Argentina,2001,2634368,2444780,Uvas Passas,Importação
Argentina,2002,10502997,7213368,Uvas Passas,Importação
Argentina,2003,6449180,5741921,Uvas Passas,Importação
Argentina,2004,12287672,14106821,Uvas Passas,Importação
Argentina,2005,10271403,12379126,Uvas Passas,Importação
Argentina,2006,11555010,14810371,Uvas Passas,Importação
Argentina,2007,15203133,19187668,Uvas Passas,Importação
Argentina,2008,15641645,26994373,Uvas Passas,Importação
Argentina,2009,17209323,24106889,Uvas Passas,Importação
Argentina,2010,17279688,34499504,Uvas Passas,Importação
Argentina,2011,20533473,43262321,Uvas Passas,Importação
Argentina,2012,19728826,43648893,Uvas Passas,Importação
Argentina,2013,20571302,47105230,Uvas Passas,Importação
Argentina,2014,14681136,34049473,Uvas Passas,Importação
Argentina,2015,20905602,32341307,Uvas Passas,Importação
Argentina,2016,23280908,34643821,Uvas Passas,Importação
Argentina,2017,19742996,34422405,Uvas Passas,Importação
Argentina,2018,23564519,43501396,Uvas Passas,Importação
Argentina,2019,24135143,48810789,Uvas Passas,Importação
Argentina,2020,24992502,36743996,Uvas Passas,Importação
Argentina,2021,24015825,33337604,Uvas Passas,Importação
Argentina,2022,20829418,35659325,Uvas Passas,Importação
Argentina,2023,19758017,36404746,Uvas Passas,Importação
Austrália,1970,0,0,Uvas Passas,Importação
Austrália,1971,0,0,Uvas Passas,Importação
Austrália,1972,89025,52819,Uvas Passas,Importação
Austrália,1973,0,0,Uvas Passas,Importação
Austrália,1974,88754,88567,Uvas Passas,Importação
Austrália,1975,66750,59852,Uvas Passas,Importação
Austrália,1976,0,0,Uvas Passas,Importação
Austrália,1977,0,0,Uvas Passas,Importação
Austrália,1978,0,0,Uvas Passas,Importação
Austrália,1979,0,0,Uvas Passas,Importação
Austrália,1980,0,0,Uvas Passas,Importação
Austrália,1981,0,0,Uvas Passas,Importação
Austrália,1982,0,0,Uvas Passas,Importação
Austrália,1983,0,0,Uvas Passas,Importação
Austrália,1984,0,0,Uvas Passas,Importação
Austrália,1985,0,0,Uvas Passas,Importação
Austrália,1986,0,0,Uvas Passas,Importação
Austrália,1987,0,0,Uvas Passas,Importação
Austrália,1988,0,0,Uvas Passas,Importação
Austrália,1989,0,0,Uvas Passas,Importação
Austrália,1990,0,0,Uvas Passas,Importação
Austrália,1991,0,0,Uvas Passas,Importação
Austrália,1992,0,0,Uvas Passas,Importação
Austrália,1993,0,0,Uvas Passas,Importação
Austrália,1994,0,0,Uvas Passas,Importação
Austrália,1995,0,0,Uvas Passas,Importação
Austrália,1996,0,0,Uvas Passas,Importação
Austrália,1997,0,0,Uvas Passas,Importação
Austrália,1998,0,0,Uvas Passas,Importação
Austrália,1999,0,0,Uvas Passas,Importação
Austrália,2000,0,0,Uvas Passas,Importação
Austrália,2001,0,0,Uvas Passas,Importação
Austrália,2002,0,0,Uvas Passas,Importação
Austrália,2003,0,0,Uvas Passas,Importação
Austrália,2004,0,0,Uvas Passas,Importação
Austrália,2005,0,0,Uvas Passas,Importação
Austrália,2006,0,0,Uvas Passas,Importação
Austrália,2007,0,0,Uvas Passas,Importação
Austrália,2008,0,0,Uvas Passas,Importação
Austrália,2009,0,0,Uvas Passas,Importação
Austrália,2010,0,0,Uvas Passas,Importação
Austrália,2011,0,0,Uvas Passas,Importação
Austrália,2012,0,0,Uvas Passas,Importação
Austrália,2013,0,0,Uvas Passas,Importação
Austrália,2014,0,0,Uvas Passas,Importação
Austrália,2015,0,0,Uvas Passas,Importação
Austrália,2016,0,0,Uvas Passas,Importação
Austrália,2017,0,0,Uvas Passas,Importação
Austrália,2018,0,0,Uvas Passas,Importação
Austrália,2019,0,0,Uvas Passas,Importação
Austrália,2020,0,0,Uvas Passas,Importação
Austrália,2021,0,0,Uvas Passas,Importação
Austrália,2022,0,0,Uvas Passas,Importação
Austrália,2023,0,0,Uvas Passas,Importação
Bélgica,1970,0,0,Uvas Passas,Importação
Bélgica,1971,0,0,Uvas Passas,Importação
Bélgica,1972,0,0,Uvas Passas,Importação
Bélgica,1973,0,0,Uvas Passas,Importação
Bélgica,1974,0,0,Uvas Passas,Importação
Bélgica,1975,0,0,Uvas Passas,Importação
Bélgica,1976,0,0,Uvas Passas,Importação
Bélgica,1977,0,0,Uvas Passas,Importação
Bélgica,1978,0,0,Uvas Passas,Importação
Bélgica,1979,0,0,Uvas Passas,Importação
Bélgica,1980,0,0,Uvas Passas,Importação
Bélgica,1981,0,0,Uvas Passas,Importação
Bélgica,1982,0,0,Uvas Passas,Importação
Bélgica,1983,0,0,Uvas Passas,Importação
Bélgica,1984,0,0,Uvas Passas,Importação
Bélgica,1985,0,0,Uvas Passas,Importação
Bélgica,1986,0,0,Uvas Passas,Importação
Bélgica,1987,0,0,Uvas Passas,Importação
Bélgica,1988,0,0,Uvas Passas,Importação
Bélgica,1989,0,0,Uvas Passas,Importação
Bélgica,1990,0,0,Uvas Passas,Importação
Bélgica,1991,0,0,Uvas Passas,Importação
Bélgica,1992,0,0,Uvas Passas,Importação
Bélgica,1993,0,0,Uvas Passas,Importação
Bélgica,1994,0,0,Uvas Passas,Importação
Bélgica,1995,0,0,Uvas Passas,Importação
Bélgica,1996,0,0,Uvas Passas,Importação
Bélgica,1997,0,0,Uvas Passas,Importação
Bélgica,1998,0,0,Uvas Passas,Importação
Bélgica,1999,0,0,Uvas Passas,Importação
Bélgica,2000,0,0,Uvas Passas,Importação
Bélgica,2001,102625,55359,Uvas Passas,Importação
Bélgica,2002,20750,17563,Uvas Passas,Importação
Bélgica,2003,187450,141872,Uvas Passas,Importação
Bélgica,2004,41500,30416,Uvas Passas,Importação
Bélgica,2005,0,0,Uvas Passas,Importação
Bélgica,2006,0,0,Uvas Passas,Importação
Bélgica,2007,0,0,Uvas Passas,Importação
Bélgica,2008,0,0,Uvas Passas,Importação
Bélgica,2009,0,0,Uvas Passas,Importação
Bélgica,2010,0,0,Uvas Passas,Importação
Bélgica,2011,0,0,Uvas Passas,Importação
Bélgica,2012,0,0,Uvas Passas,Importação
Bélgica,2013,0,0,Uvas Passas,Importação
Bélgica,2014,0,0,Uvas Passas,Importação
Bélgica,2015,0,0,Uvas Passas,Importação
Bélgica,2016,0,0,Uvas Passas,Importação
Bélgica,2017,0,0,Uvas Passas,Importação
Bélgica,2018,0,0,Uvas Passas,Importação
Bélgica,2019,0,0,Uvas Passas,Importação
Bélgica,2020,0,0,Uvas Passas,Importação
Bélgica,2021,0,0,Uvas Passas,Importação
Bélgica,2022,0,0,Uvas Passas,Importação
Bélgica,2023,0,0,Uvas Passas,Importação
Chile,1970,4000,1040,Uvas Passas,Importação
Chile,1971,0,0,Uvas Passas,Importação
Chile,1972,0,0,Uvas Passas,Importação
Chile,1973,59747,66242,Uvas Passas,Importação
Chile,1974,0,0,Uvas Passas,Importação
Chile,1975,555818,714754,Uvas Passas,Importação
Chile,1976,582102,643686,Uvas Passas,Importação
Chile,1977,670742,1052119,Uvas Passas,Importação
Chile,1978,756026,1278523,Uvas Passas,Importação
Chile,1979,1088002,2567693,Uvas Passas,Importação
Chile,1980,484040,1100566,Uvas Passas,Importação
Chile,1981,327662,647273,Uvas Passas,Importação
Chile,1982,961997,1572341,Uvas Passas,Importação
Chile,1983,1258680,1527431,Uvas Passas,Importação
Chile,1984,1100570,1051746,Uvas Passas,Importação
Chile,1985,1730970,1608648,Uvas Passas,Importação
Chile,1986,2792410,2668045,Uvas Passas,Importação
Chile,1987,2810680,2854162,Uvas Passas,Importação
Chile,1988,2747990,2277103,Uvas Passas,Importação
Chile,1989,5592520,5272318,Uvas Passas,Importação
Chile,1990,3431648,3543179,Uvas Passas,Importação
Chile,1991,5372062,5582460,Uvas Passas,Importação
Chile,1992,3149429,3817499,Uvas Passas,Importação
Chile,1993,4604409,5788115,Uvas Passas,Importação
Chile,1994,6568978,7727671,Uvas Passas,Importação
Chile,1995,32331682,9055566,Uvas Passas,Importação
Chile,1996,6036433,8191108,Uvas Passas,Importação
Chile,1997,3882680,6518525,Uvas Passas,Importação
Chile,1998,4033736,6056881,Uvas Passas,Importação
Chile,1999,3853245,5815682,Uvas Passas,Importação
Chile,2000,4909468,5801413,Uvas Passas,Importação
Chile,2001,3223998,3319107,Uvas Passas,Importação
Chile,2002,1108017,1020342,Uvas Passas,Importação
Chile,2003,6011522,5283111,Uvas Passas,Importação
Chile,2004,933010,1200730,Uvas Passas,Importação
Chile,2005,534750,735554,Uvas Passas,Importação
Chile,2006,3847300,4531374,Uvas Passas,Importação
Chile,2007,1239130,1415636,Uvas Passas,Importação
Chile,2008,2075850,3697242,Uvas Passas,Importação
Chile,2009,4498510,6469816,Uvas Passas,Importação
Chile,2010,814720,1660791,Uvas Passas,Importação
Chile,2011,1127280,2614062,Uvas Passas,Importação
Chile,2012,2046530,5049441,Uvas Passas,Importação
Chile,2013,453310,1123963,Uvas Passas,Importação
Chile,2014,2615382,5771763,Uvas Passas,Importação
Chile,2015,747700,1522661,Uvas Passas,Importação
Chile,2016,365670,613554,Uvas Passas,Importação
Chile,2017,483305,971604,Uvas Passas,Importação
Chile,2018,127231,290772,Uvas Passas,Importação
Chile,2019,384437,1096176,Uvas Passas,Importação
Chile,2020,286774,567197,Uvas Passas,Importação
Chile,2021,225630,462855,Uvas Passas,Importação
Chile,2022,3584100,5524707,Uvas Passas,Importação
Chile,2023,4411180,7107544,Uvas Passas,Importação
China,1970,0,0,Uvas Passas,Importação
China,1971,0,0,Uvas Passas,Importação
China,1972,0,0,Uvas Passas,Importação
China,1973,0,0,Uvas Passas,Importação
China,1974,0,0,Uvas Passas,Importação
China,1975,0,0,Uvas Passas,Importação
China,1976,0,0,Uvas Passas,Importação
China,1977,0,0,Uvas Passas,Importação
China,1978,0,0,Uvas Passas,Importação
China,1979,0,0,Uvas Passas,Importação
China,1980,0,0,Uvas Passas,Importação
China,1981,0,0,Uvas Passas,Importação
China,1982,0,0,Uvas Passas,Importação
China,1983,0,0,Uvas Passas,Importação
China,1984,0,0,Uvas Passas,Importação
China,1985,0,0,Uvas Passas,Importação
China,1986,0,0,Uvas Passas,Importação
China,1987,0,0,Uvas Passas,Importação
China,1988,0,0,Uvas Passas,Importação
China,1989,0,0,Uvas Passas,Importação
China,1990,0,0,Uvas Passas,Importação
China,1991,0,0,Uvas Passas,Importação
China,1992,0,0,Uvas Passas,Importação
China,1993,0,0,Uvas Passas,Importação
China,1994,0,0,Uvas Passas,Importação
China,1995,0,0,Uvas Passas,Importação
China,1996,0,0,Uvas Passas,Importação
China,1997,0,0,Uvas Passas,Importação
China,1998,0,0,Uvas Passas,Importação
China,1999,0,0,Uvas Passas,Importação
China,2000,0,0,Uvas Passas,Importação
China,2001,0,0,Uvas Passas,Importação
China,2002,0,0,Uvas Passas,Importação
China,2003,0,0,Uvas Passas,Importação
China,2004,0,0,Uvas Passas,Importação
China,2005,0,0,Uvas Passas,Importação
China,2006,0,0,Uvas Passas,Importação
China,2007,0,0,Uvas Passas,Importação
China,2008,0,0,Uvas Passas,Importação
China,2009,0,0,Uvas Passas,Importação
China,2010,0,0,Uvas Passas,Importação
China,2011,0,0,Uvas Passas,Importação
China,2012,0,0,Uvas Passas,Importação
China,2013,0,0,Uvas Passas,Importação
China,2014,0,0,Uvas Passas,Importação
China,2015,0,0,Uvas Passas,Importação
China,2016,0,0,Uvas Passas,Importação
China,2017,0,0,Uvas Passas,Importação
China,2018,0,0,Uvas Passas,Importação
China,2019,0,0,Uvas Passas,Importação
China,2020,172000,178472,Uvas Passas,Importação
China,2021,110,76,Uvas Passas,Importação
China,2022,0,0,Uvas Passas,Importação
China,2023,72000,111390,Uvas Passas,Importação
China Continental,1970,0,0,Uvas Passas,Importação
China Continental,1971,0,0,Uvas Passas,Importação
China Continental,1972,0,0,Uvas Passas,Importação
China Continental,1973,25000,5210,Uvas Passas,Importação
China Continental,1974,0,0,Uvas Passas,Importação
China Continental,1975,0,0,Uvas Passas,Importação
China Continental,1976,0,0,Uvas Passas,Importação
China Continental,1977,0,0,Uvas Passas,Importação
China Continental,1978,0,0,Uvas Passas,Importação
China Continental,1979,0,0,Uvas Passas,Importação
China Continental,1980,0,0,Uvas Passas,Importação
China Continental,1981,0,0,Uvas Passas,Importação
China Continental,1982,0,0,Uvas Passas,Importação
China Continental,1983,0,0,Uvas Passas,Importação
China Continental,1984,0,0,Uvas Passas,Importação
China Continental,1985,0,0,Uvas Passas,Importação
China Continental,1986,0,0,Uvas Passas,Importação
China Continental,1987,0,0,Uvas Passas,Importação
China Continental,1988,0,0,Uvas Passas,Importação
China Continental,1989,0,0,Uvas Passas,Importação
China Continental,1990,0,0,Uvas Passas,Importação
China Continental,1991,0,0,Uvas Passas,Importação
China Continental,1992,0,0,Uvas Passas,Importação
China Continental,1993,0,0,Uvas Passas,Importação
China Continental,1994,0,0,Uvas Passas,Importação
China Continental,1995,41,39,Uvas Passas,Importação
China Continental,1996,0,0,Uvas Passas,Importação
China Continental,1997,0,0,Uvas Passas,Importação
China Continental,1998,0,0,Uvas Passas,Importação
China Continental,1999,0,0,Uvas Passas,Importação
China Continental,2000,0,0,Uvas Passas,Importação
China Continental,2001,0,0,Uvas Passas,Importação
China Continental,2002,0,0,Uvas Passas,Importação
China Continental,2003,0,0,Uvas Passas,Importação
China Continental,2004,0,0,Uvas Passas,Importação
China Continental,2005,0,0,Uvas Passas,Importação
China Continental,2006,0,0,Uvas Passas,Importação
China Continental,2007,148000,250669,Uvas Passas,Importação
China Continental,2008,0,0,Uvas Passas,Importação
China Continental,2009,0,0,Uvas Passas,Importação
China Continental,2010,19000,39520,Uvas Passas,Importação
China Continental,2011,19200,51100,Uvas Passas,Importação
China Continental,2012,63000,216812,Uvas Passas,Importação
China Continental,2013,100027,193223,Uvas Passas,Importação
China Continental,2014,98050,142328,Uvas Passas,Importação
China Continental,2015,0,0,Uvas Passas,Importação
China Continental,2016,0,0,Uvas Passas,Importação
China Continental,2017,53000,65028,Uvas Passas,Importação
China Continental,2018,224165,279253,Uvas Passas,Importação
China Continental,2019,934000,1352954,Uvas Passas,Importação
China Continental,2020,0,0,Uvas Passas,Importação
China Continental,2021,0,0,Uvas Passas,Importação
China Continental,2022,0,0,Uvas Passas,Importação
China Continental,2023,0,0,Uvas Passas,Importação
Cingapura,1970,0,0,Uvas Passas,Importação
Cingapura,1971,0,0,Uvas Passas,Importação
Cingapura,1972,0,0,Uvas Passas,Importação
Cingapura,1973,0,0,Uvas Passas,Importação
Cingapura,1974,0,0,Uvas Passas,Importação
Cingapura,1975,0,0,Uvas Passas,Importação
Cingapura,1976,0,0,Uvas Passas,Importação
Cingapura,1977,0,0,Uvas Passas,Importação
Cingapura,1978,0,0,Uvas Passas,Importação
Cingapura,1979,0,0,Uvas Passas,Importação
Cingapura,1980,0,0,Uvas Passas,Importação
Cingapura,1981,0,0,Uvas Passas,Importação
Cingapura,1982,0,0,Uvas Passas,Importação
Cingapura,1983,0,0,Uvas Passas,Importação
Cingapura,1984,0,0,Uvas Passas,Importação
Cingapura,1985,0,0,Uvas Passas,Importação
Cingapura,1986,0,0,Uvas Passas,Importação
Cingapura,1987,0,0,Uvas Passas,Importação
Cingapura,1988,0,0,Uvas Passas,Importação
Cingapura,1989,0,0,Uvas Passas,Importação
Cingapura,1990,0,0,Uvas Passas,Importação
Cingapura,1991,0,0,Uvas Passas,Importação
Cingapura,1992,0,0,Uvas Passas,Importação
Cingapura,1993,0,0,Uvas Passas,Importação
Cingapura,1994,0,0,Uvas Passas,Importação
Cingapura,1995,0,0,Uvas Passas,Importação
Cingapura,1996,0,0,Uvas Passas,Importação
Cingapura,1997,0,0,Uvas Passas,Importação
Cingapura,1998,0,0,Uvas Passas,Importação
Cingapura,1999,0,0,Uvas Passas,Importação
Cingapura,2000,0,0,Uvas Passas,Importação
Cingapura,2001,0,0,Uvas Passas,Importação
Cingapura,2002,0,0,Uvas Passas,Importação
Cingapura,2003,0,0,Uvas Passas,Importação
Cingapura,2004,0,0,Uvas Passas,Importação
Cingapura,2005,0,0,Uvas Passas,Importação
Cingapura,2006,0,0,Uvas Passas,Importação
Cingapura,2007,0,0,Uvas Passas,Importação
Cingapura,2008,0,0,Uvas Passas,Importação
Cingapura,2009,0,0,Uvas Passas,Importação
Cingapura,2010,0,0,Uvas Passas,Importação
Cingapura,2011,38150,97572,Uvas Passas,Importação
Cingapura,2012,0,0,Uvas Passas,Importação
Cingapura,2013,40000,77213,Uvas Passas,Importação
Cingapura,2014,0,0,Uvas Passas,Importação
Cingapura,2015,0,0,Uvas Passas,Importação
Cingapura,2016,0,0,Uvas Passas,Importação
Cingapura,2017,0,0,Uvas Passas,Importação
Cingapura,2018,0,0,Uvas Passas,Importação
Cingapura,2019,0,0,Uvas Passas,Importação
Cingapura,2020,0,0,Uvas Passas,Importação
Cingapura,2021,0,0,Uvas Passas,Importação
Cingapura,2022,0,0,Uvas Passas,Importação
Cingapura,2023,0,0,Uvas Passas,Importação
Costa Rica,1970,0,0,Uvas Passas,Importação
Costa Rica,1971,0,0,Uvas Passas,Importação
Costa Rica,1972,0,0,Uvas Passas,Importação
Costa Rica,1973,0,0,Uvas Passas,Importação
Costa Rica,1974,0,0,Uvas Passas,Importação
Costa Rica,1975,0,0,Uvas Passas,Importação
Costa Rica,1976,0,0,Uvas Passas,Importação
Costa Rica,1977,0,0,Uvas Passas,Importação
Costa Rica,1978,0,0,Uvas Passas,Importação
Costa Rica,1979,0,0,Uvas Passas,Importação
Costa Rica,1980,0,0,Uvas Passas,Importação
Costa Rica,1981,0,0,Uvas Passas,Importação
Costa Rica,1982,0,0,Uvas Passas,Importação
Costa Rica,1983,0,0,Uvas Passas,Importação
Costa Rica,1984,0,0,Uvas Passas,Importação
Costa Rica,1985,0,0,Uvas Passas,Importação
Costa Rica,1986,0,0,Uvas Passas,Importação
Costa Rica,1987,0,0,Uvas Passas,Importação
Costa Rica,1988,0,0,Uvas Passas,Importação
Costa Rica,1989,0,0,Uvas Passas,Importação
Costa Rica,1990,0,0,Uvas Passas,Importação
Costa Rica,1991,0,0,Uvas Passas,Importação
Costa Rica,1992,0,0,Uvas Passas,Importação
Costa Rica,1993,0,0,Uvas Passas,Importação
Costa Rica,1994,0,0,Uvas Passas,Importação
Costa Rica,1995,0,0,Uvas Passas,Importação
Costa Rica,1996,0,0,Uvas Passas,Importação
Costa Rica,1997,0,0,Uvas Passas,Importação
Costa Rica,1998,0,0,Uvas Passas,Importação
Costa Rica,1999,0,0,Uvas Passas,Importação
Costa Rica,2000,0,0,Uvas Passas,Importação
Costa Rica,2001,0,0,Uvas Passas,Importação
Costa Rica,2002,0,0,Uvas Passas,Importação
Costa Rica,2003,0,0,Uvas Passas,Importação
Costa Rica,2004,0,0,Uvas Passas,Importação
Costa Rica,2005,0,0,Uvas Passas,Importação
Costa Rica,2006,0,0,Uvas Passas,Importação
Costa Rica,2007,0,0,Uvas Passas,Importação
Costa Rica,2008,0,0,Uvas Passas,Importação
Costa Rica,2009,0,0,Uvas Passas,Importação
Costa Rica,2010,0,0,Uvas Passas,Importação
Costa Rica,2011,0,0,Uvas Passas,Importação
Costa Rica,2012,0,0,Uvas Passas,Importação
Costa Rica,2013,0,0,Uvas Passas,Importação
Costa Rica,2014,0,0,Uvas Passas,Importação
Costa Rica,2015,0,0,Uvas Passas,Importação
Costa Rica,2016,0,0,Uvas Passas,Importação
Costa Rica,2017,0,0,Uvas Passas,Importação
Costa Rica,2018,0,0,Uvas Passas,Importação
Costa Rica,2019,0,0,Uvas Passas,Importação
Costa Rica,2020,0,0,Uvas Passas,Importação
Costa Rica,2021,0,0,Uvas Passas,Importação
Costa Rica,2022,49000,95550,Uvas Passas,Importação
Costa Rica,2023,0,0,Uvas Passas,Importação
Emirados,1970,0,0,Uvas Passas,Importação
Emirados,1971,0,0,Uvas Passas,Importação
Emirados,1972,0,0,Uvas Passas,Importação
Emirados,1973,0,0,Uvas Passas,Importação
Emirados,1974,0,0,Uvas Passas,Importação
Emirados,1975,0,0,Uvas Passas,Importação
Emirados,1976,0,0,Uvas Passas,Importação
Emirados,1977,0,0,Uvas Passas,Importação
Emirados,1978,0,0,Uvas Passas,Importação
Emirados,1979,0,0,Uvas Passas,Importação
Emirados,1980,0,0,Uvas Passas,Importação
Emirados,1981,0,0,Uvas Passas,Importação
Emirados,1982,0,0,Uvas Passas,Importação
Emirados,1983,0,0,Uvas Passas,Importação
Emirados,1984,0,0,Uvas Passas,Importação
Emirados,1985,0,0,Uvas Passas,Importação
Emirados,1986,0,0,Uvas Passas,Importação
Emirados,1987,0,0,Uvas Passas,Importação
Emirados,1988,0,0,Uvas Passas,Importação
Emirados,1989,0,0,Uvas Passas,Importação
Emirados,1990,0,0,Uvas Passas,Importação
Emirados,1991,0,0,Uvas Passas,Importação
Emirados,1992,196800,200604,Uvas Passas,Importação
Emirados,1993,0,0,Uvas Passas,Importação
Emirados,1994,36000,36181,Uvas Passas,Importação
Emirados,1995,49580,53853,Uvas Passas,Importação
Emirados,1996,31250,53081,Uvas Passas,Importação
Emirados,1997,89820,103183,Uvas Passas,Importação
Emirados,1998,17420,26546,Uvas Passas,Importação
Emirados,1999,0,0,Uvas Passas,Importação
Emirados,2000,17500,16119,Uvas Passas,Importação
Emirados,2001,36000,23190,Uvas Passas,Importação
Emirados,2002,18000,22750,Uvas Passas,Importação
Emirados,2003,271970,259971,Uvas Passas,Importação
Emirados,2004,329470,351485,Uvas Passas,Importação
Emirados,2005,489760,503598,Uvas Passas,Importação
Emirados,2006,182745,236628,Uvas Passas,Importação
Emirados,2007,0,0,Uvas Passas,Importação
Emirados,2008,124510,204910,Uvas Passas,Importação
Emirados,2009,39000,94203,Uvas Passas,Importação
Emirados,2010,20000,44949,Uvas Passas,Importação
Emirados,2011,35460,100631,Uvas Passas,Importação
Emirados,2012,19000,70026,Uvas Passas,Importação
Emirados,2013,240800,442625,Uvas Passas,Importação
Emirados,2014,100000,184835,Uvas Passas,Importação
Emirados,2015,40000,95856,Uvas Passas,Importação
Emirados,2016,0,0,Uvas Passas,Importação
Emirados,2017,0,0,Uvas Passas,Importação
Emirados,2018,0,0,Uvas Passas,Importação
Emirados,2019,0,0,Uvas Passas,Importação
Emirados,2020,0,0,Uvas Passas,Importação
Emirados,2021,0,0,Uvas Passas,Importação
Emirados,2022,0,0,Uvas Passas,Importação
Emirados,2023,0,0,Uvas Passas,Importação
Espanha,1970,20000,9584,Uvas Passas,Importação
Espanha,1971,15000,14403,Uvas Passas,Importação
Espanha,1972,57208,59951,Uvas Passas,Importação
Espanha,1973,144000,170234,Uvas Passas,Importação
Espanha,1974,9500,14640,Uvas Passas,Importação
Espanha,1975,7500,15495,Uvas Passas,Importação
Espanha,1976,2000,5320,Uvas Passas,Importação
Espanha,1977,0,0,Uvas Passas,Importação
Espanha,1978,3000,10850,Uvas Passas,Importação
Espanha,1979,1680,7056,Uvas Passas,Importação
Espanha,1980,0,0,Uvas Passas,Importação
Espanha,1981,0,0,Uvas Passas,Importação
Espanha,1982,0,0,Uvas Passas,Importação
Espanha,1983,0,0,Uvas Passas,Importação
Espanha,1984,0,0,Uvas Passas,Importação
Espanha,1985,0,0,Uvas Passas,Importação
Espanha,1986,0,0,Uvas Passas,Importação
Espanha,1987,0,0,Uvas Passas,Importação
Espanha,1988,0,0,Uvas Passas,Importação
Espanha,1989,0,0,Uvas Passas,Importação
Espanha,1990,0,0,Uvas Passas,Importação
Espanha,1991,0,0,Uvas Passas,Importação
Espanha,1992,0,0,Uvas Passas,Importação
Espanha,1993,0,0,Uvas Passas,Importação
Espanha,1994,0,0,Uvas Passas,Importação
Espanha,1995,3222,8090,Uvas Passas,Importação
Espanha,1996,338,1158,Uvas Passas,Importação
Espanha,1997,6000,23763,Uvas Passas,Importação
Espanha,1998,6004,25691,Uvas Passas,Importação
Espanha,1999,288,1080,Uvas Passas,Importação
Espanha,2000,303,1096,Uvas Passas,Importação
Espanha,2001,0,0,Uvas Passas,Importação
Espanha,2002,0,0,Uvas Passas,Importação
Espanha,2003,0,0,Uvas Passas,Importação
Espanha,2004,0,0,Uvas Passas,Importação
Espanha,2005,0,0,Uvas Passas,Importação
Espanha,2006,0,0,Uvas Passas,Importação
Espanha,2007,0,0,Uvas Passas,Importação
Espanha,2008,0,0,Uvas Passas,Importação
Espanha,2009,0,0,Uvas Passas,Importação
Espanha,2010,0,0,Uvas Passas,Importação
Espanha,2011,0,0,Uvas Passas,Importação
Espanha,2012,0,0,Uvas Passas,Importação
Espanha,2013,0,0,Uvas Passas,Importação
Espanha,2014,0,0,Uvas Passas,Importação
Espanha,2015,0,0,Uvas Passas,Importação
Espanha,2016,0,0,Uvas Passas,Importação
Espanha,2017,0,0,Uvas Passas,Importação
Espanha,2018,0,0,Uvas Passas,Importação
Espanha,2019,1,24,Uvas Passas,Importação
Espanha,2020,0,0,Uvas Passas,Importação
Espanha,2021,0,0,Uvas Passas,Importação
Espanha,2022,0,0,Uvas Passas,Importação
Espanha,2023,0,0,Uvas Passas,Importação
Estados Unidos,1970,415210,305494,Uvas Passas,Importação
Estados Unidos,1971,429346,292067,Uvas Passas,Importação
Estados Unidos,1972,411443,456999,Uvas Passas,Importação
Estados Unidos,1973,538195,700181,Uvas Passas,Importação
Estados Unidos,1974,953941,1447142,Uvas Passas,Importação
Estados Unidos,1975,494268,674204,Uvas Passas,Importação
Estados Unidos,1976,25285,46885,Uvas Passas,Importação
Estados Unidos,1977,171998,378357,Uvas Passas,Importação
Estados Unidos,1978,102285,251489,Uvas Passas,Importação
Estados Unidos,1979,53591,227326,Uvas Passas,Importação
Estados Unidos,1980,148029,387349,Uvas Passas,Importação
Estados Unidos,1981,126804,326790,Uvas Passas,Importação
Estados Unidos,1982,140722,266479,Uvas Passas,Importação
Estados Unidos,1983,329134,395315,Uvas Passas,Importação
Estados Unidos,1984,128745,132786,Uvas Passas,Importação
Estados Unidos,1985,157087,165238,Uvas Passas,Importação
Estados Unidos,1986,672895,991667,Uvas Passas,Importação
Estados Unidos,1987,117167,178174,Uvas Passas,Importação
Estados Unidos,1988,161093,268528,Uvas Passas,Importação
Estados Unidos,1989,196634,331736,Uvas Passas,Importação
Estados Unidos,1990,167980,337966,Uvas Passas,Importação
Estados Unidos,1991,135629,210446,Uvas Passas,Importação
Estados Unidos,1992,320890,457440,Uvas Passas,Importação
Estados Unidos,1993,772669,1214020,Uvas Passas,Importação
Estados Unidos,1994,832061,1241890,Uvas Passas,Importação
Estados Unidos,1995,643784,990177,Uvas Passas,Importação
Estados Unidos,1996,732591,1405841,Uvas Passas,Importação
Estados Unidos,1997,1397848,2457078,Uvas Passas,Importação
Estados Unidos,1998,1306508,2037588,Uvas Passas,Importação
Estados Unidos,1999,514513,1094056,Uvas Passas,Importação
Estados Unidos,2000,573211,1123705,Uvas Passas,Importação
Estados Unidos,2001,487549,773763,Uvas Passas,Importação
Estados Unidos,2002,427744,557678,Uvas Passas,Importação
Estados Unidos,2003,504069,767763,Uvas Passas,Importação
Estados Unidos,2004,470966,748024,Uvas Passas,Importação
Estados Unidos,2005,448370,966879,Uvas Passas,Importação
Estados Unidos,2006,493921,977964,Uvas Passas,Importação
Estados Unidos,2007,370796,780250,Uvas Passas,Importação
Estados Unidos,2008,448157,923410,Uvas Passas,Importação
Estados Unidos,2009,347316,783086,Uvas Passas,Importação
Estados Unidos,2010,526225,1274258,Uvas Passas,Importação
Estados Unidos,2011,391515,1180759,Uvas Passas,Importação
Estados Unidos,2012,512716,1619257,Uvas Passas,Importação
Estados Unidos,2013,538319,1622047,Uvas Passas,Importação
Estados Unidos,2014,369887,1113398,Uvas Passas,Importação
Estados Unidos,2015,350138,1034494,Uvas Passas,Importação
Estados Unidos,2016,236134,636045,Uvas Passas,Importação
Estados Unidos,2017,257670,671036,Uvas Passas,Importação
Estados Unidos,2018,42859,244215,Uvas Passas,Importação
Estados Unidos,2019,90132,345044,Uvas Passas,Importação
Estados Unidos,2020,105360,266627,Uvas Passas,Importação
Estados Unidos,2021,109043,325880,Uvas Passas,Importação
Estados Unidos,2022,115517,380380,Uvas Passas,Importação
Estados Unidos,2023,7578,58262,Uvas Passas,Importação
França,1970,0,0,Uvas Passas,Importação
França,1971,0,0,Uvas Passas,Importação
França,1972,0,0,Uvas Passas,Importação
França,1973,0,0,Uvas Passas,Importação
França,1974,0,0,Uvas Passas,Importação
França,1975,0,0,Uvas Passas,Importação
França,1976,0,0,Uvas Passas,Importação
França,1977,0,0,Uvas Passas,Importação
França,1978,0,0,Uvas Passas,Importação
França,1979,0,0,Uvas Passas,Importação
França,1980,0,0,Uvas Passas,Importação
França,1981,0,0,Uvas Passas,Importação
França,1982,0,0,Uvas Passas,Importação
França,1983,0,0,Uvas Passas,Importação
França,1984,0,0,Uvas Passas,Importação
França,1985,0,0,Uvas Passas,Importação
França,1986,0,0,Uvas Passas,Importação
França,1987,0,0,Uvas Passas,Importação
França,1988,0,0,Uvas Passas,Importação
França,1989,0,0,Uvas Passas,Importação
França,1990,0,0,Uvas Passas,Importação
França,1991,0,0,Uvas Passas,Importação
França,1992,0,0,Uvas Passas,Importação
França,1993,0,0,Uvas Passas,Importação
França,1994,0,0,Uvas Passas,Importação
França,1995,20,7,Uvas Passas,Importação
França,1996,49,386,Uvas Passas,Importação
França,1997,0,0,Uvas Passas,Importação
França,1998,19510,33593,Uvas Passas,Importação
França,1999,0,0,Uvas Passas,Importação
França,2000,0,0,Uvas Passas,Importação
França,2001,0,0,Uvas Passas,Importação
França,2002,0,0,Uvas Passas,Importação
França,2003,0,0,Uvas Passas,Importação
França,2004,0,0,Uvas Passas,Importação
França,2005,0,0,Uvas Passas,Importação
França,2006,0,0,Uvas Passas,Importação
França,2007,0,0,Uvas Passas,Importação
França,2008,0,0,Uvas Passas,Importação
França,2009,0,0,Uvas Passas,Importação
França,2010,0,0,Uvas Passas,Importação
França,2011,0,0,Uvas Passas,Importação
França,2012,1474,12148,Uvas Passas,Importação
França,2013,720,6016,Uvas Passas,Importação
França,2014,1600,3368,Uvas Passas,Importação
França,2015,658,4705,Uvas Passas,Importação
França,2016,0,0,Uvas Passas,Importação
França,2017,0,0,Uvas Passas,Importação
França,2018,0,0,Uvas Passas,Importação
França,2019,0,0,Uvas Passas,Importação
França,2020,0,0,Uvas Passas,Importação
França,2021,0,0,Uvas Passas,Importação
França,2022,0,0,Uvas Passas,Importação
França,2023,0,0,Uvas Passas,Importação
Grécia,1970,178475,56586,Uvas Passas,Importação
Grécia,1971,302825,95349,Uvas Passas,Importação
Grécia,1972,369763,134178,Uvas Passas,Importação
Grécia,1973,132420,180586,Uvas Passas,Importação
Grécia,1974,139103,149364,Uvas Passas,Importação
Grécia,1975,28335,22989,Uvas Passas,Importação
Grécia,1976,0,0,Uvas Passas,Importação
Grécia,1977,20000,23500,Uvas Passas,Importação
Grécia,1978,12500,12812,Uvas Passas,Importação
Grécia,1979,25000,36813,Uvas Passas,Importação
Grécia,1980,25000,50563,Uvas Passas,Importação
Grécia,1981,0,0,Uvas Passas,Importação
Grécia,1982,0,0,Uvas Passas,Importação
Grécia,1983,0,0,Uvas Passas,Importação
Grécia,1984,0,0,Uvas Passas,Importação
Grécia,1985,0,0,Uvas Passas,Importação
Grécia,1986,0,0,Uvas Passas,Importação
Grécia,1987,0,0,Uvas Passas,Importação
Grécia,1988,0,0,Uvas Passas,Importação
Grécia,1989,0,0,Uvas Passas,Importação
Grécia,1990,0,0,Uvas Passas,Importação
Grécia,1991,0,0,Uvas Passas,Importação
Grécia,1992,154975,160597,Uvas Passas,Importação
Grécia,1993,54000,56960,Uvas Passas,Importação
Grécia,1994,81012,101264,Uvas Passas,Importação
Grécia,1995,21220,27337,Uvas Passas,Importação
Grécia,1996,19000,27170,Uvas Passas,Importação
Grécia,1997,459500,499383,Uvas Passas,Importação
Grécia,1998,138000,151548,Uvas Passas,Importação
Grécia,1999,91000,130910,Uvas Passas,Importação
Grécia,2000,0,0,Uvas Passas,Importação
Grécia,2001,0,0,Uvas Passas,Importação
Grécia,2002,0,0,Uvas Passas,Importação
Grécia,2003,0,0,Uvas Passas,Importação
Grécia,2004,0,0,Uvas Passas,Importação
Grécia,2005,0,0,Uvas Passas,Importação
Grécia,2006,0,0,Uvas Passas,Importação
Grécia,2007,0,0,Uvas Passas,Importação
Grécia,2008,0,0,Uvas Passas,Importação
Grécia,2009,0,0,Uvas Passas,Importação
Grécia,2010,0,0,Uvas Passas,Importação
Grécia,2011,4095,25496,Uvas Passas,Importação
Grécia,2012,0,0,Uvas Passas,Importação
Grécia,2013,0,0,Uvas Passas,Importação
Grécia,2014,10000,24994,Uvas Passas,Importação
Grécia,2015,0,0,Uvas Passas,Importação
Grécia,2016,4000,9248,Uvas Passas,Importação
Grécia,2017,1950,4287,Uvas Passas,Importação
Grécia,2018,1600,5156,Uvas Passas,Importação
Grécia,2019,0,0,Uvas Passas,Importação
Grécia,2020,0,0,Uvas Passas,Importação
Grécia,2021,0,0,Uvas Passas,Importação
Grécia,2022,0,0,Uvas Passas,Importação
Grécia,2023,0,0,Uvas Passas,Importação
Guiana Britânica,1970,334,202,Uvas Passas,Importação
Guiana Britânica,1971,0,0,Uvas Passas,Importação
Guiana Britânica,1972,0,0,Uvas Passas,Importação
Guiana Britânica,1973,0,0,Uvas Passas,Importação
Guiana Britânica,1974,0,0,Uvas Passas,Importação
Guiana Britânica,1975,0,0,Uvas Passas,Importação
Guiana Britânica,1976,0,0,Uvas Passas,Importação
Guiana Britânica,1977,0,0,Uvas Passas,Importação
Guiana Britânica,1978,0,0,Uvas Passas,Importação
Guiana Britânica,1979,0,0,Uvas Passas,Importação
Guiana Britânica,1980,0,0,Uvas Passas,Importação
Guiana Britânica,1981,0,0,Uvas Passas,Importação
Guiana Britânica,1982,0,0,Uvas Passas,Importação
Guiana Britânica,1983,0,0,Uvas Passas,Importação
Guiana Britânica,1984,0,0,Uvas Passas,Importação
Guiana Britânica,1985,0,0,Uvas Passas,Importação
Guiana Britânica,1986,0,0,Uvas Passas,Importação
Guiana Britânica,1987,0,0,Uvas Passas,Importação
Guiana Britânica,1988,0,0,Uvas Passas,Importação
Guiana Britânica,1989,0,0,Uvas Passas,Importação
Guiana Britânica,1990,0,0,Uvas Passas,Importação
Guiana Britânica,1991,0,0,Uvas Passas,Importação
Guiana Britânica,1992,0,0,Uvas Passas,Importação
Guiana Britânica,1993,0,0,Uvas Passas,Importação
Guiana Britânica,1994,0,0,Uvas Passas,Importação
Guiana Britânica,1995,0,0,Uvas Passas,Importação
Guiana Britânica,1996,0,0,Uvas Passas,Importação
Guiana Britânica,1997,0,0,Uvas Passas,Importação
Guiana Britânica,1998,0,0,Uvas Passas,Importação
Guiana Britânica,1999,0,0,Uvas Passas,Importação
Guiana Britânica,2000,0,0,Uvas Passas,Importação
Guiana Britânica,2001,0,0,Uvas Passas,Importação
Guiana Britânica,2002,0,0,Uvas Passas,Importação
Guiana Britânica,2003,0,0,Uvas Passas,Importação
Guiana Britânica,2004,0,0,Uvas Passas,Importação
Guiana Britânica,2005,0,0,Uvas Passas,Importação
Guiana Britânica,2006,0,0,Uvas Passas,Importação
Guiana Britânica,2007,0,0,Uvas Passas,Importação
Guiana Britânica,2008,0,0,Uvas Passas,Importação
Guiana Britânica,2009,0,0,Uvas Passas,Importação
Guiana Britânica,2010,0,0,Uvas Passas,Importação
Guiana Britânica,2011,0,0,Uvas Passas,Importação
Guiana Britânica,2012,0,0,Uvas Passas,Importação
Guiana Britânica,2013,0,0,Uvas Passas,Importação
Guiana Britânica,2014,0,0,Uvas Passas,Importação
Guiana Britânica,2015,0,0,Uvas Passas,Importação
Guiana Britânica,2016,0,0,Uvas Passas,Importação
Guiana Britânica,2017,0,0,Uvas Passas,Importação
Guiana Britânica,2018,0,0,Uvas Passas,Importação
Guiana Britânica,2019,0,0,Uvas Passas,Importação
Guiana Britânica,2020,0,0,Uvas Passas,Importação
Guiana Britânica,2021,0,0,Uvas Passas,Importação
Guiana Britânica,2022,0,0,Uvas Passas,Importação
Guiana Britânica,2023,0,0,Uvas Passas,Importação
Índia,1970,0,0,Uvas Passas,Importação
Índia,1971,0,0,Uvas Passas,Importação
Índia,1972,0,0,Uvas Passas,Importação
Índia,1973,0,0,Uvas Passas,Importação
Índia,1974,0,0,Uvas Passas,Importação
Índia,1975,0,0,Uvas Passas,Importação
Índia,1976,0,0,Uvas Passas,Importação
Índia,1977,0,0,Uvas Passas,Importação
Índia,1978,0,0,Uvas Passas,Importação
Índia,1979,0,0,Uvas Passas,Importação
Índia,1980,0,0,Uvas Passas,Importação
Índia,1981,0,0,Uvas Passas,Importação
Índia,1982,0,0,Uvas Passas,Importação
Índia,1983,0,0,Uvas Passas,Importação
Índia,1984,0,0,Uvas Passas,Importação
Índia,1985,0,0,Uvas Passas,Importação
Índia,1986,0,0,Uvas Passas,Importação
Índia,1987,0,0,Uvas Passas,Importação
Índia,1988,0,0,Uvas Passas,Importação
Índia,1989,0,0,Uvas Passas,Importação
Índia,1990,0,0,Uvas Passas,Importação
Índia,1991,0,0,Uvas Passas,Importação
Índia,1992,0,0,Uvas Passas,Importação
Índia,1993,0,0,Uvas Passas,Importação
Índia,1994,0,0,Uvas Passas,Importação
Índia,1995,0,0,Uvas Passas,Importação
Índia,1996,0,0,Uvas Passas,Importação
Índia,1997,0,0,Uvas Passas,Importação
Índia,1998,0,0,Uvas Passas,Importação
Índia,1999,0,0,Uvas Passas,Importação
Índia,2000,0,0,Uvas Passas,Importação
Índia,2001,0,0,Uvas Passas,Importação
Índia,2002,0,0,Uvas Passas,Importação
Índia,2003,0,0,Uvas Passas,Importação
Índia,2004,0,0,Uvas Passas,Importação
Índia,2005,0,0,Uvas Passas,Importação
Índia,2006,0,0,Uvas Passas,Importação
Índia,2007,0,0,Uvas Passas,Importação
Índia,2008,0,0,Uvas Passas,Importação
Índia,2009,128000,270168,Uvas Passas,Importação
Índia,2010,0,0,Uvas Passas,Importação
Índia,2011,0,0,Uvas Passas,Importação
Índia,2012,166862,268758,Uvas Passas,Importação
Índia,2013,36000,64213,Uvas Passas,Importação
Índia,2014,247000,377422,Uvas Passas,Importação
Índia,2015,57000,60717,Uvas Passas,Importação
Índia,2016,162000,346815,Uvas Passas,Importação
Índia,2017,397130,476398,Uvas Passas,Importação
Índia,2018,736700,1007031,Uvas Passas,Importação
Índia,2019,481000,677056,Uvas Passas,Importação
Índia,2020,883000,813317,Uvas Passas,Importação
Índia,2021,577250,504532,Uvas Passas,Importação
Índia,2022,2767840,2568914,Uvas Passas,Importação
Índia,2023,1293900,1379545,Uvas Passas,Importação
Irã,1970,0,0,Uvas Passas,Importação
Irã,1971,0,0,Uvas Passas,Importação
Irã,1972,0,0,Uvas Passas,Importação
Irã,1973,0,0,Uvas Passas,Importação
Irã,1974,0,0,Uvas Passas,Importação
Irã,1975,5,0,Uvas Passas,Importação
Irã,1976,0,0,Uvas Passas,Importação
Irã,1977,0,0,Uvas Passas,Importação
Irã,1978,0,0,Uvas Passas,Importação
Irã,1979,0,0,Uvas Passas,Importação
Irã,1980,0,0,Uvas Passas,Importação
Irã,1981,0,0,Uvas Passas,Importação
Irã,1982,0,0,Uvas Passas,Importação
Irã,1983,0,0,Uvas Passas,Importação
Irã,1984,0,0,Uvas Passas,Importação
Irã,1985,0,0,Uvas Passas,Importação
Irã,1986,0,0,Uvas Passas,Importação
Irã,1987,0,0,Uvas Passas,Importação
Irã,1988,0,0,Uvas Passas,Importação
Irã,1989,0,0,Uvas Passas,Importação
Irã,1990,0,0,Uvas Passas,Importação
Irã,1991,18500,17740,Uvas Passas,Importação
Irã,1992,17800,24319,Uvas Passas,Importação
Irã,1993,586390,642149,Uvas Passas,Importação
Irã,1994,1013544,872062,Uvas Passas,Importação
Irã,1995,369269,394150,Uvas Passas,Importação
Irã,1996,34000,44200,Uvas Passas,Importação
Irã,1997,226480,224265,Uvas Passas,Importação
Irã,1998,16500,23475,Uvas Passas,Importação
Irã,1999,1128400,1329891,Uvas Passas,Importação
Irã,2000,700130,773013,Uvas Passas,Importação
Irã,2001,1353836,780010,Uvas Passas,Importação
Irã,2002,528875,368147,Uvas Passas,Importação
Irã,2003,592175,558656,Uvas Passas,Importação
Irã,2004,929370,1001650,Uvas Passas,Importação
Irã,2005,893890,894899,Uvas Passas,Importação
Irã,2006,1337820,1726898,Uvas Passas,Importação
Irã,2007,1040345,1679789,Uvas Passas,Importação
Irã,2008,1089540,1925865,Uvas Passas,Importação
Irã,2009,112460,191560,Uvas Passas,Importação
Irã,2010,4112310,6968914,Uvas Passas,Importação
Irã,2011,533570,1250450,Uvas Passas,Importação
Irã,2012,306700,995038,Uvas Passas,Importação
Irã,2013,1415828,2617493,Uvas Passas,Importação
Irã,2014,942500,1700379,Uvas Passas,Importação
Irã,2015,184500,418722,Uvas Passas,Importação
Irã,2016,493000,1113453,Uvas Passas,Importação
Irã,2017,1194500,1975882,Uvas Passas,Importação
Irã,2018,340000,817941,Uvas Passas,Importação
Irã,2019,646000,1369316,Uvas Passas,Importação
Irã,2020,435600,927189,Uvas Passas,Importação
Irã,2021,514700,843794,Uvas Passas,Importação
Irã,2022,403000,948438,Uvas Passas,Importação
Irã,2023,786500,1832934,Uvas Passas,Importação
Itália,1970,33600,11396,Uvas Passas,Importação
Itália,1971,27860,7104,Uvas Passas,Importação
Itália,1972,70000,20790,Uvas Passas,Importação
Itália,1973,59136,25428,Uvas Passas,Importação
Itália,1974,69650,41790,Uvas Passas,Importação
Itália,1975,150000,80854,Uvas Passas,Importação
Itália,1976,0,0,Uvas Passas,Importação
Itália,1977,0,0,Uvas Passas,Importação
Itália,1978,0,0,Uvas Passas,Importação
Itália,1979,0,0,Uvas Passas,Importação
Itália,1980,0,0,Uvas Passas,Importação
Itália,1981,0,0,Uvas Passas,Importação
Itália,1982,0,0,Uvas Passas,Importação
Itália,1983,0,0,Uvas Passas,Importação
Itália,1984,0,0,Uvas Passas,Importação
Itália,1985,0,0,Uvas Passas,Importação
Itália,1986,0,0,Uvas Passas,Importação
Itália,1987,0,0,Uvas Passas,Importação
Itália,1988,0,0,Uvas Passas,Importação
Itália,1989,0,0,Uvas Passas,Importação
Itália,1990,0,0,Uvas Passas,Importação
Itália,1991,0,0,Uvas Passas,Importação
Itália,1992,0,0,Uvas Passas,Importação
Itália,1993,0,0,Uvas Passas,Importação
Itália,1994,0,0,Uvas Passas,Importação
Itália,1995,0,0,Uvas Passas,Importação
Itália,1996,0,0,Uvas Passas,Importação
Itália,1997,40320,43142,Uvas Passas,Importação
Itália,1998,0,0,Uvas Passas,Importação
Itália,1999,0,0,Uvas Passas,Importação
Itália,2000,0,0,Uvas Passas,Importação
Itália,2001,0,0,Uvas Passas,Importação
Itália,2002,0,0,Uvas Passas,Importação
Itália,2003,0,0,Uvas Passas,Importação
Itália,2004,0,0,Uvas Passas,Importação
Itália,2005,0,0,Uvas Passas,Importação
Itália,2006,0,0,Uvas Passas,Importação
Itália,2007,2075,6600,Uvas Passas,Importação
Itália,2008,1250,5491,Uvas Passas,Importação
Itália,2009,0,0,Uvas Passas,Importação
Itália,2010,0,0,Uvas Passas,Importação
Itália,2011,10,39,Uvas Passas,Importação
Itália,2012,0,0,Uvas Passas,Importação
Itália,2013,0,0,Uvas Passas,Importação
Itália,2014,0,0,Uvas Passas,Importação
Itália,2015,0,0,Uvas Passas,Importação
Itália,2016,0,0,Uvas Passas,Importação
Itália,2017,0,0,Uvas Passas,Importação
Itália,2018,0,0,Uvas Passas,Importação
Itália,2019,0,0,Uvas Passas,Importação
Itália,2020,0,0,Uvas Passas,Importação
Itália,2021,0,0,Uvas Passas,Importação
Itália,2022,0,0,Uvas Passas,Importação
Itália,2023,0,0,Uvas Passas,Importação
Japão,1970,0,0,Uvas Passas,Importação
Japão,1971,7221,4458,Uvas Passas,Importação
Japão,1972,0,0,Uvas Passas,Importação
Japão,1973,0,0,Uvas Passas,Importação
Japão,1974,0,0,Uvas Passas,Importação
Japão,1975,0,0,Uvas Passas,Importação
Japão,1976,0,0,Uvas Passas,Importação
Japão,1977,0,0,Uvas Passas,Importação
Japão,1978,0,0,Uvas Passas,Importação
Japão,1979,0,0,Uvas Passas,Importação
Japão,1980,0,0,Uvas Passas,Importação
Japão,1981,0,0,Uvas Passas,Importação
Japão,1982,0,0,Uvas Passas,Importação
Japão,1983,0,0,Uvas Passas,Importação
Japão,1984,0,0,Uvas Passas,Importação
Japão,1985,0,0,Uvas Passas,Importação
Japão,1986,0,0,Uvas Passas,Importação
Japão,1987,0,0,Uvas Passas,Importação
Japão,1988,0,0,Uvas Passas,Importação
Japão,1989,0,0,Uvas Passas,Importação
Japão,1990,0,0,Uvas Passas,Importação
Japão,1991,0,0,Uvas Passas,Importação
Japão,1992,0,0,Uvas Passas,Importação
Japão,1993,0,0,Uvas Passas,Importação
Japão,1994,0,0,Uvas Passas,Importação
Japão,1995,0,0,Uvas Passas,Importação
Japão,1996,0,0,Uvas Passas,Importação
Japão,1997,0,0,Uvas Passas,Importação
Japão,1998,0,0,Uvas Passas,Importação
Japão,1999,0,0,Uvas Passas,Importação
Japão,2000,0,0,Uvas Passas,Importação
Japão,2001,0,0,Uvas Passas,Importação
Japão,2002,0,0,Uvas Passas,Importação
Japão,2003,0,0,Uvas Passas,Importação
Japão,2004,0,0,Uvas Passas,Importação
Japão,2005,0,0,Uvas Passas,Importação
Japão,2006,0,0,Uvas Passas,Importação
Japão,2007,0,0,Uvas Passas,Importação
Japão,2008,0,0,Uvas Passas,Importação
Japão,2009,0,0,Uvas Passas,Importação
Japão,2010,0,0,Uvas Passas,Importação
Japão,2011,0,0,Uvas Passas,Importação
Japão,2012,0,0,Uvas Passas,Importação
Japão,2013,0,0,Uvas Passas,Importação
Japão,2014,0,0,Uvas Passas,Importação
Japão,2015,0,0,Uvas Passas,Importação
Japão,2016,0,0,Uvas Passas,Importação
Japão,2017,0,0,Uvas Passas,Importação
Japão,2018,0,0,Uvas Passas,Importação
Japão,2019,0,0,Uvas Passas,Importação
Japão,2020,0,0,Uvas Passas,Importação
Japão,2021,0,0,Uvas Passas,Importação
Japão,2022,0,0,Uvas Passas,Importação
Japão,2023,0,0,Uvas Passas,Importação
México,1970,170172,100310,Uvas Passas,Importação
México,1971,209257,129483,Uvas Passas,Importação
México,1972,150827,120736,Uvas Passas,Importação
México,1973,28906,24653,Uvas Passas,Importação
México,1974,40000,60896,Uvas Passas,Importação
México,1975,234900,293712,Uvas Passas,Importação
México,1976,172500,203960,Uvas Passas,Importação
México,1977,686190,990436,Uvas Passas,Importação
México,1978,778330,1154578,Uvas Passas,Importação
México,1979,1126710,2530026,Uvas Passas,Importação
México,1980,1336070,2674311,Uvas Passas,Importação
México,1981,1228260,2382306,Uvas Passas,Importação
México,1982,1214593,2115847,Uvas Passas,Importação
México,1983,1485417,1944974,Uvas Passas,Importação
México,1984,520390,578989,Uvas Passas,Importação
México,1985,1194306,1202597,Uvas Passas,Importação
México,1986,1164262,1113425,Uvas Passas,Importação
México,1987,1180260,1246750,Uvas Passas,Importação
México,1988,194910,223533,Uvas Passas,Importação
México,1989,585700,807367,Uvas Passas,Importação
México,1990,420100,623068,Uvas Passas,Importação
México,1991,353640,533265,Uvas Passas,Importação
México,1992,251100,371880,Uvas Passas,Importação
México,1993,637474,894588,Uvas Passas,Importação
México,1994,351600,529428,Uvas Passas,Importação
México,1995,749518,938320,Uvas Passas,Importação
México,1996,269500,311525,Uvas Passas,Importação
México,1997,183000,308985,Uvas Passas,Importação
México,1998,156160,219099,Uvas Passas,Importação
México,1999,96000,137957,Uvas Passas,Importação
México,2000,17500,32538,Uvas Passas,Importação
México,2001,0,0,Uvas Passas,Importação
México,2002,0,0,Uvas Passas,Importação
México,2003,0,0,Uvas Passas,Importação
México,2004,0,0,Uvas Passas,Importação
México,2005,0,0,Uvas Passas,Importação
México,2006,0,0,Uvas Passas,Importação
México,2007,0,0,Uvas Passas,Importação
México,2008,0,0,Uvas Passas,Importação
México,2009,0,0,Uvas Passas,Importação
México,2010,0,0,Uvas Passas,Importação
México,2011,0,0,Uvas Passas,Importação
México,2012,0,0,Uvas Passas,Importação
México,2013,0,0,Uvas Passas,Importação
México,2014,0,0,Uvas Passas,Importação
México,2015,0,0,Uvas Passas,Importação
México,2016,0,0,Uvas Passas,Importação
México,2017,0,0,Uvas Passas,Importação
México,2018,0,0,Uvas Passas,Importação
México,2019,0,0,Uvas Passas,Importação
México,2020,0,0,Uvas Passas,Importação
México,2021,0,0,Uvas Passas,Importação
México,2022,0,0,Uvas Passas,Importação
México,2023,0,0,Uvas Passas,Importação
Países Baixos,1970,104,91,Uvas Passas,Importação
Países Baixos,1971,0,0,Uvas Passas,Importação
Países Baixos,1972,0,0,Uvas Passas,Importação
Países Baixos,1973,0,0,Uvas Passas,Importação
Países Baixos,1974,0,0,Uvas Passas,Importação
Países Baixos,1975,0,0,Uvas Passas,Importação
Países Baixos,1976,12000,1038,Uvas Passas,Importação
Países Baixos,1977,0,0,Uvas Passas,Importação
Países Baixos,1978,0,0,Uvas Passas,Importação
Países Baixos,1979,0,0,Uvas Passas,Importação
Países Baixos,1980,0,0,Uvas Passas,Importação
Países Baixos,1981,0,0,Uvas Passas,Importação
Países Baixos,1982,0,0,Uvas Passas,Importação
Países Baixos,1983,0,0,Uvas Passas,Importação
Países Baixos,1984,0,0,Uvas Passas,Importação
Países Baixos,1985,0,0,Uvas Passas,Importação
Países Baixos,1986,0,0,Uvas Passas,Importação
Países Baixos,1987,0,0,Uvas Passas,Importação
Países Baixos,1988,0,0,Uvas Passas,Importação
Países Baixos,1989,0,0,Uvas Passas,Importação
Países Baixos,1990,0,0,Uvas Passas,Importação
Países Baixos,1991,0,0,Uvas Passas,Importação
Países Baixos,1992,0,0,Uvas Passas,Importação
Países Baixos,1993,0,0,Uvas Passas,Importação
Países Baixos,1994,0,0,Uvas Passas,Importação
Países Baixos,1995,0,0,Uvas Passas,Importação
Países Baixos,1996,0,0,Uvas Passas,Importação
Países Baixos,1997,0,0,Uvas Passas,Importação
Países Baixos,1998,0,0,Uvas Passas,Importação
Países Baixos,1999,0,0,Uvas Passas,Importação
Países Baixos,2000,0,0,Uvas Passas,Importação
Países Baixos,2001,0,0,Uvas Passas,Importação
Países Baixos,2002,0,0,Uvas Passas,Importação
Países Baixos,2003,0,0,Uvas Passas,Importação
Países Baixos,2004,0,0,Uvas Passas,Importação
Países Baixos,2005,0,0,Uvas Passas,Importação
Países Baixos,2006,0,0,Uvas Passas,Importação
Países Baixos,2007,0,0,Uvas Passas,Importação
Países Baixos,2008,0,0,Uvas Passas,Importação
Países Baixos,2009,0,0,Uvas Passas,Importação
Países Baixos,2010,0,0,Uvas Passas,Importação
Países Baixos,2011,0,0,Uvas Passas,Importação
Países Baixos,2012,0,0,Uvas Passas,Importação
Países Baixos,2013,0,0,Uvas Passas,Importação
Países Baixos,2014,0,0,Uvas Passas,Importação
Países Baixos,2015,0,0,Uvas Passas,Importação
Países Baixos,2016,0,0,Uvas Passas,Importação
Países Baixos,2017,0,0,Uvas Passas,Importação
Países Baixos,2018,0,0,Uvas Passas,Importação
Países Baixos,2019,0,0,Uvas Passas,Importação
Países Baixos,2020,0,0,Uvas Passas,Importação
Países Baixos,2021,0,0,Uvas Passas,Importação
Países Baixos,2022,0,0,Uvas Passas,Importação
Países Baixos,2023,0,0,Uvas Passas,Importação
Paraguai,1970,0,0,Uvas Passas,Importação
Paraguai,1971,0,0,Uvas Passas,Importação
Paraguai,1972,0,0,Uvas Passas,Importação
Paraguai,1973,0,0,Uvas Passas,Importação
Paraguai,1974,0,0,Uvas Passas,Importação
Paraguai,1975,20000,12000,Uvas Passas,Importação
Paraguai,1976,0,0,Uvas Passas,Importação
Paraguai,1977,0,0,Uvas Passas,Importação
Paraguai,1978,0,0,Uvas Passas,Importação
Paraguai,1979,0,0,Uvas Passas,Importação
Paraguai,1980,0,0,Uvas Passas,Importação
Paraguai,1981,0,0,Uvas Passas,Importação
Paraguai,1982,0,0,Uvas Passas,Importação
Paraguai,1983,0,0,Uvas Passas,Importação
Paraguai,1984,0,0,Uvas Passas,Importação
Paraguai,1985,0,0,Uvas Passas,Importação
Paraguai,1986,0,0,Uvas Passas,Importação
Paraguai,1987,0,0,Uvas Passas,Importação
Paraguai,1988,0,0,Uvas Passas,Importação
Paraguai,1989,0,0,Uvas Passas,Importação
Paraguai,1990,0,0,Uvas Passas,Importação
Paraguai,1991,0,0,Uvas Passas,Importação
Paraguai,1992,0,0,Uvas Passas,Importação
Paraguai,1993,0,0,Uvas Passas,Importação
Paraguai,1994,22000,27500,Uvas Passas,Importação
Paraguai,1995,0,0,Uvas Passas,Importação
Paraguai,1996,0,0,Uvas Passas,Importação
Paraguai,1997,0,0,Uvas Passas,Importação
Paraguai,1998,0,0,Uvas Passas,Importação
Paraguai,1999,0,0,Uvas Passas,Importação
Paraguai,2000,0,0,Uvas Passas,Importação
Paraguai,2001,0,0,Uvas Passas,Importação
Paraguai,2002,0,0,Uvas Passas,Importação
Paraguai,2003,0,0,Uvas Passas,Importação
Paraguai,2004,0,0,Uvas Passas,Importação
Paraguai,2005,0,0,Uvas Passas,Importação
Paraguai,2006,0,0,Uvas Passas,Importação
Paraguai,2007,0,0,Uvas Passas,Importação
Paraguai,2008,0,0,Uvas Passas,Importação
Paraguai,2009,0,0,Uvas Passas,Importação
Paraguai,2010,0,0,Uvas Passas,Importação
Paraguai,2011,0,0,Uvas Passas,Importação
Paraguai,2012,0,0,Uvas Passas,Importação
Paraguai,2013,0,0,Uvas Passas,Importação
Paraguai,2014,0,0,Uvas Passas,Importação
Paraguai,2015,0,0,Uvas Passas,Importação
Paraguai,2016,0,0,Uvas Passas,Importação
Paraguai,2017,0,0,Uvas Passas,Importação
Paraguai,2018,0,0,Uvas Passas,Importação
Paraguai,2019,0,0,Uvas Passas,Importação
Paraguai,2020,0,0,Uvas Passas,Importação
Paraguai,2021,0,0,Uvas Passas,Importação
Paraguai,2022,0,0,Uvas Passas,Importação
Paraguai,2023,0,0,Uvas Passas,Importação
Peru,1970,0,0,Uvas Passas,Importação
Peru,1971,0,0,Uvas Passas,Importação
Peru,1972,0,0,Uvas Passas,Importação
Peru,1973,0,0,Uvas Passas,Importação
Peru,1974,0,0,Uvas Passas,Importação
Peru,1975,0,0,Uvas Passas,Importação
Peru,1976,0,0,Uvas Passas,Importação
Peru,1977,0,0,Uvas Passas,Importação
Peru,1978,0,0,Uvas Passas,Importação
Peru,1979,0,0,Uvas Passas,Importação
Peru,1980,0,0,Uvas Passas,Importação
Peru,1981,0,0,Uvas Passas,Importação
Peru,1982,0,0,Uvas Passas,Importação
Peru,1983,0,0,Uvas Passas,Importação
Peru,1984,0,0,Uvas Passas,Importação
Peru,1985,0,0,Uvas Passas,Importação
Peru,1986,0,0,Uvas Passas,Importação
Peru,1987,0,0,Uvas Passas,Importação
Peru,1988,0,0,Uvas Passas,Importação
Peru,1989,0,0,Uvas Passas,Importação
Peru,1990,0,0,Uvas Passas,Importação
Peru,1991,0,0,Uvas Passas,Importação
Peru,1992,0,0,Uvas Passas,Importação
Peru,1993,0,0,Uvas Passas,Importação
Peru,1994,0,0,Uvas Passas,Importação
Peru,1995,0,0,Uvas Passas,Importação
Peru,1996,0,0,Uvas Passas,Importação
Peru,1997,0,0,Uvas Passas,Importação
Peru,1998,0,0,Uvas Passas,Importação
Peru,1999,0,0,Uvas Passas,Importação
Peru,2000,0,0,Uvas Passas,Importação
Peru,2001,0,0,Uvas Passas,Importação
Peru,2002,0,0,Uvas Passas,Importação
Peru,2003,0,0,Uvas Passas,Importação
Peru,2004,0,0,Uvas Passas,Importação
Peru,2005,0,0,Uvas Passas,Importação
Peru,2006,0,0,Uvas Passas,Importação
Peru,2007,0,0,Uvas Passas,Importação
Peru,2008,0,0,Uvas Passas,Importação
Peru,2009,0,0,Uvas Passas,Importação
Peru,2010,0,0,Uvas Passas,Importação
Peru,2011,0,0,Uvas Passas,Importação
Peru,2012,0,0,Uvas Passas,Importação
Peru,2013,0,0,Uvas Passas,Importação
Peru,2014,0,0,Uvas Passas,Importação
Peru,2015,0,0,Uvas Passas,Importação
Peru,2016,0,0,Uvas Passas,Importação
Peru,2017,10,10,Uvas Passas,Importação
Peru,2018,0,0,Uvas Passas,Importação
Peru,2019,0,0,Uvas Passas,Importação
Peru,2020,0,0,Uvas Passas,Importação
Peru,2021,0,0,Uvas Passas,Importação
Peru,2022,0,0,Uvas Passas,Importação
Peru,2023,25000,40630,Uvas Passas,Importação
Portugal,1970,0,0,Uvas Passas,Importação
Portugal,1971,0,0,Uvas Passas,Importação
Portugal,1972,0,0,Uvas Passas,Importação
Portugal,1973,0,0,Uvas Passas,Importação
Portugal,1974,0,0,Uvas Passas,Importação
Portugal,1975,0,0,Uvas Passas,Importação
Portugal,1976,0,0,Uvas Passas,Importação
Portugal,1977,0,0,Uvas Passas,Importação
Portugal,1978,0,0,Uvas Passas,Importação
Portugal,1979,0,0,Uvas Passas,Importação
Portugal,1980,0,0,Uvas Passas,Importação
Portugal,1981,0,0,Uvas Passas,Importação
Portugal,1982,0,0,Uvas Passas,Importação
Portugal,1983,0,0,Uvas Passas,Importação
Portugal,1984,0,0,Uvas Passas,Importação
Portugal,1985,0,0,Uvas Passas,Importação
Portugal,1986,0,0,Uvas Passas,Importação
Portugal,1987,0,0,Uvas Passas,Importação
Portugal,1988,0,0,Uvas Passas,Importação
Portugal,1989,0,0,Uvas Passas,Importação
Portugal,1990,0,0,Uvas Passas,Importação
Portugal,1991,0,0,Uvas Passas,Importação
Portugal,1992,0,0,Uvas Passas,Importação
Portugal,1993,0,0,Uvas Passas,Importação
Portugal,1994,0,0,Uvas Passas,Importação
Portugal,1995,0,0,Uvas Passas,Importação
Portugal,1996,0,0,Uvas Passas,Importação
Portugal,1997,0,0,Uvas Passas,Importação
Portugal,1998,0,0,Uvas Passas,Importação
Portugal,1999,0,0,Uvas Passas,Importação
Portugal,2000,0,0,Uvas Passas,Importação
Portugal,2001,0,0,Uvas Passas,Importação
Portugal,2002,0,0,Uvas Passas,Importação
Portugal,2003,0,0,Uvas Passas,Importação
Portugal,2004,0,0,Uvas Passas,Importação
Portugal,2005,0,0,Uvas Passas,Importação
Portugal,2006,0,0,Uvas Passas,Importação
Portugal,2007,0,0,Uvas Passas,Importação
Portugal,2008,0,0,Uvas Passas,Importação
Portugal,2009,0,0,Uvas Passas,Importação
Portugal,2010,0,0,Uvas Passas,Importação
Portugal,2011,13,59,Uvas Passas,Importação
Portugal,2012,0,0,Uvas Passas,Importação
Portugal,2013,0,0,Uvas Passas,Importação
Portugal,2014,0,0,Uvas Passas,Importação
Portugal,2015,250,445,Uvas Passas,Importação
Portugal,2016,0,0,Uvas Passas,Importação
Portugal,2017,0,0,Uvas Passas,Importação
Portugal,2018,0,0,Uvas Passas,Importação
Portugal,2019,0,2,Uvas Passas,Importação
Portugal,2020,0,0,Uvas Passas,Importação
Portugal,2021,0,0,Uvas Passas,Importação
Portugal,2022,0,0,Uvas Passas,Importação
Portugal,2023,0,0,Uvas Passas,Importação
Reino Unido,1970,39,29,Uvas Passas,Importação
Reino Unido,1971,211,174,Uvas Passas,Importação
Reino Unido,1972,276,249,Uvas Passas,Importação
Reino Unido,1973,0,0,Uvas Passas,Importação
Reino Unido,1974,0,0,Uvas Passas,Importação
Reino Unido,1975,0,0,Uvas Passas,Importação
Reino Unido,1976,0,0,Uvas Passas,Importação
Reino Unido,1977,0,0,Uvas Passas,Importação
Reino Unido,1978,0,0,Uvas Passas,Importação
Reino Unido,1979,0,0,Uvas Passas,Importação
Reino Unido,1980,0,0,Uvas Passas,Importação
Reino Unido,1981,0,0,Uvas Passas,Importação
Reino Unido,1982,0,0,Uvas Passas,Importação
Reino Unido,1983,0,0,Uvas Passas,Importação
Reino Unido,1984,0,0,Uvas Passas,Importação
Reino Unido,1985,0,0,Uvas Passas,Importação
Reino Unido,1986,0,0,Uvas Passas,Importação
Reino Unido,1987,0,0,Uvas Passas,Importação
Reino Unido,1988,0,0,Uvas Passas,Importação
Reino Unido,1989,0,0,Uvas Passas,Importação
Reino Unido,1990,0,0,Uvas Passas,Importação
Reino Unido,1991,0,0,Uvas Passas,Importação
Reino Unido,1992,0,0,Uvas Passas,Importação
Reino Unido,1993,0,0,Uvas Passas,Importação
Reino Unido,1994,0,0,Uvas Passas,Importação
Reino Unido,1995,0,0,Uvas Passas,Importação
Reino Unido,1996,0,0,Uvas Passas,Importação
Reino Unido,1997,0,0,Uvas Passas,Importação
Reino Unido,1998,0,0,Uvas Passas,Importação
Reino Unido,1999,0,0,Uvas Passas,Importação
Reino Unido,2000,0,0,Uvas Passas,Importação
Reino Unido,2001,0,0,Uvas Passas,Importação
Reino Unido,2002,0,0,Uvas Passas,Importação
Reino Unido,2003,0,0,Uvas Passas,Importação
Reino Unido,2004,0,0,Uvas Passas,Importação
Reino Unido,2005,0,0,Uvas Passas,Importação
Reino Unido,2006,0,0,Uvas Passas,Importação
Reino Unido,2007,0,0,Uvas Passas,Importação
Reino Unido,2008,0,0,Uvas Passas,Importação
Reino Unido,2009,0,0,Uvas Passas,Importação
Reino Unido,2010,0,0,Uvas Passas,Importação
Reino Unido,2011,0,0,Uvas Passas,Importação
Reino Unido,2012,0,0,Uvas Passas,Importação
Reino Unido,2013,0,0,Uvas Passas,Importação
Reino Unido,2014,10,170,Uvas Passas,Importação
Reino Unido,2015,25,426,Uvas Passas,Importação
Reino Unido,2016,21,402,Uvas Passas,Importação
Reino Unido,2017,66,1494,Uvas Passas,Importação
Reino Unido,2018,20,461,Uvas Passas,Importação
Reino Unido,2019,11,209,Uvas Passas,Importação
Reino Unido,2020,0,0,Uvas Passas,Importação
Reino Unido,2021,0,0,Uvas Passas,Importação
Reino Unido,2022,0,0,Uvas Passas,Importação
Reino Unido,2023,0,0,Uvas Passas,Importação
Suécia,1970,12000,3866,Uvas Passas,Importação
Suécia,1971,0,0,Uvas Passas,Importação
Suécia,1972,0,0,Uvas Passas,Importação
Suécia,1973,0,0,Uvas Passas,Importação
Suécia,1974,0,0,Uvas Passas,Importação
Suécia,1975,0,0,Uvas Passas,Importação
Suécia,1976,0,0,Uvas Passas,Importação
Suécia,1977,0,0,Uvas Passas,Importação
Suécia,1978,0,0,Uvas Passas,Importação
Suécia,1979,0,0,Uvas Passas,Importação
Suécia,1980,0,0,Uvas Passas,Importação
Suécia,1981,0,0,Uvas Passas,Importação
Suécia,1982,0,0,Uvas Passas,Importação
Suécia,1983,0,0,Uvas Passas,Importação
Suécia,1984,0,0,Uvas Passas,Importação
Suécia,1985,0,0,Uvas Passas,Importação
Suécia,1986,0,0,Uvas Passas,Importação
Suécia,1987,0,0,Uvas Passas,Importação
Suécia,1988,0,0,Uvas Passas,Importação
Suécia,1989,0,0,Uvas Passas,Importação
Suécia,1990,0,0,Uvas Passas,Importação
Suécia,1991,0,0,Uvas Passas,Importação
Suécia,1992,0,0,Uvas Passas,Importação
Suécia,1993,0,0,Uvas Passas,Importação
Suécia,1994,0,0,Uvas Passas,Importação
Suécia,1995,0,0,Uvas Passas,Importação
Suécia,1996,0,0,Uvas Passas,Importação
Suécia,1997,0,0,Uvas Passas,Importação
Suécia,1998,0,0,Uvas Passas,Importação
Suécia,1999,0,0,Uvas Passas,Importação
Suécia,2000,0,0,Uvas Passas,Importação
Suécia,2001,0,0,Uvas Passas,Importação
Suécia,2002,0,0,Uvas Passas,Importação
Suécia,2003,0,0,Uvas Passas,Importação
Suécia,2004,0,0,Uvas Passas,Importação
Suécia,2005,0,0,Uvas Passas,Importação
Suécia,2006,0,0,Uvas Passas,Importação
Suécia,2007,0,0,Uvas Passas,Importação
Suécia,2008,0,0,Uvas Passas,Importação
Suécia,2009,0,0,Uvas Passas,Importação
Suécia,2010,0,0,Uvas Passas,Importação
Suécia,2011,0,0,Uvas Passas,Importação
Suécia,2012,0,0,Uvas Passas,Importação
Suécia,2013,0,0,Uvas Passas,Importação
Suécia,2014,0,0,Uvas Passas,Importação
Suécia,2015,0,0,Uvas Passas,Importação
Suécia,2016,0,0,Uvas Passas,Importação
Suécia,2017,0,0,Uvas Passas,Importação
Suécia,2018,0,0,Uvas Passas,Importação
Suécia,2019,0,0,Uvas Passas,Importação
Suécia,2020,0,0,Uvas Passas,Importação
Suécia,2021,0,0,Uvas Passas,Importação
Suécia,2022,0,0,Uvas Passas,Importação
Suécia,2023,0,0,Uvas Passas,Importação
Turquia,1970,124832,41962,Uvas Passas,Importação
Turquia,1971,306025,88018,Uvas Passas,Importação
Turquia,1972,556402,169087,Uvas Passas,Importação
Turquia,1973,324242,276922,Uvas Passas,Importação
Turquia,1974,116338,118050,Uvas Passas,Importação
Turquia,1975,7000,4571,Uvas Passas,Importação
Turquia,1976,0,0,Uvas Passas,Importação
Turquia,1977,0,0,Uvas Passas,Importação
Turquia,1978,0,0,Uvas Passas,Importação
Turquia,1979,0,0,Uvas Passas,Importação
Turquia,1980,7000,11885,Uvas Passas,Importação
Turquia,1981,0,0,Uvas Passas,Importação
Turquia,1982,58996,74610,Uvas Passas,Importação
Turquia,1983,0,0,Uvas Passas,Importação
Turquia,1984,85288,65951,Uvas Passas,Importação
Turquia,1985,60120,48212,Uvas Passas,Importação
Turquia,1986,1102260,859244,Uvas Passas,Importação
Turquia,1987,189140,151522,Uvas Passas,Importação
Turquia,1988,1000,1225,Uvas Passas,Importação
Turquia,1989,55300,57715,Uvas Passas,Importação
Turquia,1990,4900,6860,Uvas Passas,Importação
Turquia,1991,36800,40816,Uvas Passas,Importação
Turquia,1992,435600,412348,Uvas Passas,Importação
Turquia,1993,593460,591601,Uvas Passas,Importação
Turquia,1994,975130,842411,Uvas Passas,Importação
Turquia,1995,158550,170454,Uvas Passas,Importação
Turquia,1996,615150,649499,Uvas Passas,Importação
Turquia,1997,4342570,4854419,Uvas Passas,Importação
Turquia,1998,5336758,5591214,Uvas Passas,Importação
Turquia,1999,6792500,6548193,Uvas Passas,Importação
Turquia,2000,5268800,4496527,Uvas Passas,Importação
Turquia,2001,8413300,4646072,Uvas Passas,Importação
Turquia,2002,987370,642681,Uvas Passas,Importação
Turquia,2003,913290,669604,Uvas Passas,Importação
Turquia,2004,1666888,1531208,Uvas Passas,Importação
Turquia,2005,2914500,2704370,Uvas Passas,Importação
Turquia,2006,2300140,2550285,Uvas Passas,Importação
Turquia,2007,792250,911049,Uvas Passas,Importação
Turquia,2008,124100,188996,Uvas Passas,Importação
Turquia,2009,126600,169075,Uvas Passas,Importação
Turquia,2010,2428575,4111212,Uvas Passas,Importação
Turquia,2011,987310,1735466,Uvas Passas,Importação
Turquia,2012,709785,1161161,Uvas Passas,Importação
Turquia,2013,0,0,Uvas Passas,Importação
Turquia,2014,1981070,3507617,Uvas Passas,Importação
Turquia,2015,1006000,1666760,Uvas Passas,Importação
Turquia,2016,2386092,3162573,Uvas Passas,Importação
Turquia,2017,2834805,4001169,Uvas Passas,Importação
Turquia,2018,262616,494370,Uvas Passas,Importação
Turquia,2019,427590,865709,Uvas Passas,Importação
Turquia,2020,607780,1210554,Uvas Passas,Importação
Turquia,2021,186000,311165,Uvas Passas,Importação
Turquia,2022,1477000,2602207,Uvas Passas,Importação
Turquia,2023,2621500,4152236,Uvas Passas,Importação
Uruguai,1970,0,0,Uvas Passas,Importação
Uruguai,1971,0,0,Uvas Passas,Importação
Uruguai,1972,0,0,Uvas Passas,Importação
Uruguai,1973,0,0,Uvas Passas,Importação
Uruguai,1974,0,0,Uvas Passas,Importação
Uruguai,1975,0,0,Uvas Passas,Importação
Uruguai,1976,0,0,Uvas Passas,Importação
Uruguai,1977,0,0,Uvas Passas,Importação
Uruguai,1978,0,0,Uvas Passas,Importação
Uruguai,1979,0,0,Uvas Passas,Importação
Uruguai,1980,0,0,Uvas Passas,Importação
Uruguai,1981,0,0,Uvas Passas,Importação
Uruguai,1982,0,0,Uvas Passas,Importação
Uruguai,1983,0,0,Uvas Passas,Importação
Uruguai,1984,0,0,Uvas Passas,Importação
Uruguai,1985,0,0,Uvas Passas,Importação
Uruguai,1986,0,0,Uvas Passas,Importação
Uruguai,1987,0,0,Uvas Passas,Importação
Uruguai,1988,0,0,Uvas Passas,Importação
Uruguai,1989,0,0,Uvas Passas,Importação
Uruguai,1990,0,0,Uvas Passas,Importação
Uruguai,1991,0,0,Uvas Passas,Importação
Uruguai,1992,0,0,Uvas Passas,Importação
Uruguai,1993,0,0,Uvas Passas,Importação
Uruguai,1994,0,0,Uvas Passas,Importação
Uruguai,1995,0,0,Uvas Passas,Importação
Uruguai,1996,0,0,Uvas Passas,Importação
Uruguai,1997,0,0,Uvas Passas,Importação
Uruguai,1998,0,0,Uvas Passas,Importação
Uruguai,1999,0,0,Uvas Passas,Importação
Uruguai,2000,0,0,Uvas Passas,Importação
Uruguai,2001,0,0,Uvas Passas,Importação
Uruguai,2002,75000,47250,Uvas Passas,Importação
Uruguai,2003,16800,17400,Uvas Passas,Importação
Uruguai,2004,0,0,Uvas Passas,Importação
Uruguai,2005,0,0,Uvas Passas,Importação
Uruguai,2006,0,0,Uvas Passas,Importação
Uruguai,2007,0,0,Uvas Passas,Importação
Uruguai,2008,0,0,Uvas Passas,Importação
Uruguai,2009,0,0,Uvas Passas,Importação
Uruguai,2010,0,0,Uvas Passas,Importação
Uruguai,2011,0,0,Uvas Passas,Importação
Uruguai,2012,0,0,Uvas Passas,Importação
Uruguai,2013,0,0,Uvas Passas,Importação
Uruguai,2014,0,0,Uvas Passas,Importação
Uruguai,2015,0,0,Uvas Passas,Importação
Uruguai,2016,0,0,Uvas Passas,Importação
Uruguai,2017,0,0,Uvas Passas,Importação
Uruguai,2018,0,0,Uvas Passas,Importação
Uruguai,2019,0,0,Uvas Passas,Importação
Uruguai,2020,25000,35866,Uvas Passas,Importação
Uruguai,2021,0,0,Uvas Passas,Importação
Uruguai,2022,0,0,Uvas Passas,Importação
Uruguai,2023,0,0,Uvas Passas,Importação
Uzbequistão,1970,0,0,Uvas Passas,Importação
Uzbequistão,1971,0,0,Uvas Passas,Importação
Uzbequistão,1972,0,0,Uvas Passas,Importação
Uzbequistão,1973,0,0,Uvas Passas,Importação
Uzbequistão,1974,0,0,Uvas Passas,Importação
Uzbequistão,1975,0,0,Uvas Passas,Importação
Uzbequistão,1976,0,0,Uvas Passas,Importação
Uzbequistão,1977,0,0,Uvas Passas,Importação
Uzbequistão,1978,0,0,Uvas Passas,Importação
Uzbequistão,1979,0,0,Uvas Passas,Importação
Uzbequistão,1980,0,0,Uvas Passas,Importação
Uzbequistão,1981,0,0,Uvas Passas,Importação
Uzbequistão,1982,0,0,Uvas Passas,Importação
Uzbequistão,1983,0,0,Uvas Passas,Importação
Uzbequistão,1984,0,0,Uvas Passas,Importação
Uzbequistão,1985,0,0,Uvas Passas,Importação
Uzbequistão,1986,0,0,Uvas Passas,Importação
Uzbequistão,1987,0,0,Uvas Passas,Importação
Uzbequistão,1988,0,0,Uvas Passas,Importação
Uzbequistão,1989,0,0,Uvas Passas,Importação
Uzbequistão,1990,0,0,Uvas Passas,Importação
Uzbequistão,1991,0,0,Uvas Passas,Importação
Uzbequistão,1992,0,0,Uvas Passas,Importação
Uzbequistão,1993,0,0,Uvas Passas,Importação
Uzbequistão,1994,0,0,Uvas Passas,Importação
Uzbequistão,1995,0,0,Uvas Passas,Importação
Uzbequistão,1996,0,0,Uvas Passas,Importação
Uzbequistão,1997,0,0,Uvas Passas,Importação
Uzbequistão,1998,0,0,Uvas Passas,Importação
Uzbequistão,1999,0,0,Uvas Passas,Importação
Uzbequistão,2000,0,0,Uvas Passas,Importação
Uzbequistão,2001,0,0,Uvas Passas,Importação
Uzbequistão,2002,0,0,Uvas Passas,Importação
Uzbequistão,2003,0,0,Uvas Passas,Importação
Uzbequistão,2004,0,0,Uvas Passas,Importação
Uzbequistão,2005,26000,18570,Uvas Passas,Importação
Uzbequistão,2006,40000,32135,Uvas Passas,Importação
Uzbequistão,2007,0,0,Uvas Passas,Importação
Uzbequistão,2008,0,0,Uvas Passas,Importação
Uzbequistão,2009,0,0,Uvas Passas,Importação
Uzbequistão,2010,0,0,Uvas Passas,Importação
Uzbequistão,2011,40000,63483,Uvas Passas,Importação
Uzbequistão,2012,71900,127883,Uvas Passas,Importação
Uzbequistão,2013,0,0,Uvas Passas,Importação
Uzbequistão,2014,0,0,Uvas Passas,Importação
Uzbequistão,2015,0,0,Uvas Passas,Importação
Uzbequistão,2016,0,0,Uvas Passas,Importação
Uzbequistão,2017,0,0,Uvas Passas,Importação
Uzbequistão,2018,0,0,Uvas Passas,Importação
Uzbequistão,2019,399630,624285,Uvas Passas,Importação
Uzbequistão,2020,397030,450389,Uvas Passas,Importação
Uzbequistão,2021,0,0,Uvas Passas,Importação
Uzbequistão,2022,132000,165492,Uvas Passas,Importação
Uzbequistão,2023,2045600,2433719,Uvas Passas,Importação
Venezuela,1970,0,0,Uvas Passas,Importação
Venezuela,1971,0,0,Uvas Passas,Importação
Venezuela,1972,0,0,Uvas Passas,Importação
Venezuela,1973,256,686,Uvas Passas,Importação
Venezuela,1974,561,1236,Uvas Passas,Importação
Venezuela,1975,2240,6252,Uvas Passas,Importação
Venezuela,1976,270,817,Uvas Passas,Importação
Venezuela,1977,0,0,Uvas Passas,Importação
Venezuela,1978,0,0,Uvas Passas,Importação
Venezuela,1979,0,0,Uvas Passas,Importação
Venezuela,1980,0,0,Uvas Passas,Importação
Venezuela,1981,0,0,Uvas Passas,Importação
Venezuela,1982,0,0,Uvas Passas,Importação
Venezuela,1983,0,0,Uvas Passas,Importação
Venezuela,1984,0,0,Uvas Passas,Importação
Venezuela,1985,0,0,Uvas Passas,Importação
Venezuela,1986,0,0,Uvas Passas,Importação
Venezuela,1987,0,0,Uvas Passas,Importação
Venezuela,1988,0,0,Uvas Passas,Importação
Venezuela,1989,0,0,Uvas Passas,Importação
Venezuela,1990,0,0,Uvas Passas,Importação
Venezuela,1991,0,0,Uvas Passas,Importação
Venezuela,1992,0,0,Uvas Passas,Importação
Venezuela,1993,1000,200,Uvas Passas,Importação
Venezuela,1994,130,110,Uvas Passas,Importação
Venezuela,1995,3015,1473,Uvas Passas,Importação
Venezuela,1996,1210,437,Uvas Passas,Importação
Venezuela,1997,750,283,Uvas Passas,Importação
Venezuela,1998,40,14,Uvas Passas,Importação
Venezuela,1999,0,0,Uvas Passas,Importação
Venezuela,2000,0,0,Uvas Passas,Importação
Venezuela,2001,0,0,Uvas Passas,Importação
Venezuela,2002,0,0,Uvas Passas,Importação
Venezuela,2003,0,0,Uvas Passas,Importação
Venezuela,2004,0,0,Uvas Passas,Importação
Venezuela,2005,0,0,Uvas Passas,Importação
Venezuela,2006,0,0,Uvas Passas,Importação
Venezuela,2007,0,0,Uvas Passas,Importação
Venezuela,2008,0,0,Uvas Passas,Importação
Venezuela,2009,0,0,Uvas Passas,Importação
Venezuela,2010,0,0,Uvas Passas,Importação
Venezuela,2011,0,0,Uvas Passas,Importação
Venezuela,2012,0,0,Uvas Passas,Importação
Venezuela,2013,0,0,Uvas Passas,Importação
Venezuela,2014,0,0,Uvas Passas,Importação
Venezuela,2015,0,0,Uvas Passas,Importação
Venezuela,2016,0,0,Uvas Passas,Importação
Venezuela,2017,0,0,Uvas Passas,Importação
Venezuela,2018,0,0,Uvas Passas,Importação
Venezuela,2019,0,0,Uvas Passas,Importação
Venezuela,2020,0,0,Uvas Passas,Importação
Venezuela,2021,0,0,Uvas Passas,Importação
Venezuela,2022,0,0,Uvas Passas,Importação
Venezuela,2023,0,0,Uvas Passas,Importação
Não consta na tabela,1970,0,0,Uvas Passas,Importação
Não consta na tabela,1971,0,0,Uvas Passas,Importação
Não consta na tabela,1972,0,0,Uvas Passas,Importação
Não consta na tabela,1973,0,0,Uvas Passas,Importação
Não consta na tabela,1974,0,0,Uvas Passas,Importação
Não consta na tabela,1975,0,0,Uvas Passas,Importação
Não consta na tabela,1976,0,0,Uvas Passas,Importação
Não consta na tabela,1977,0,0,Uvas Passas,Importação
Não consta na tabela,1978,0,0,Uvas Passas,Importação
Não consta na tabela,1979,0,0,Uvas Passas,Importação
Não consta na tabela,1980,0,0,Uvas Passas,Importação
Não consta na tabela,1981,0,0,Uvas Passas,Importação
Não consta na tabela,1982,0,0,Uvas Passas,Importação
Não consta na tabela,1983,0,0,Uvas Passas,Importação
Não consta na tabela,1984,0,0,Uvas Passas,Importação
Não consta na tabela,1985,0,0,Uvas Passas,Importação
Não consta na tabela,1986,0,0,Uvas Passas,Importação
Não consta na tabela,1987,0,0,Uvas Passas,Importação
Não consta na tabela,1988,0,0,Uvas Passas,Importação
Não consta na tabela,1989,0,0,Uvas Passas,Importação
Não consta na tabela,1990,0,0,Uvas Passas,Importação
Não consta na tabela,1991,0,0,Uvas Passas,Importação
Não consta na tabela,1992,0,0,Uvas Passas,Importação
Não consta na tabela,1993,0,0,Uvas Passas,Importação
Não consta na tabela,1994,0,0,Uvas Passas,Importação
Não consta na tabela,1995,0,0,Uvas Passas,Importação
Não consta na tabela,1996,2,9,Uvas Passas,Importação
Não consta na tabela,1997,0,0,Uvas Passas,Importação
Não consta na tabela,1998,0,0,Uvas Passas,Importação
Não consta na tabela,1999,0,0,Uvas Passas,Importação
Não consta na tabela,2000,0,0,Uvas Passas,Importação
Não consta na tabela,2001,0,0,Uvas Passas,Importação
Não consta na tabela,2002,0,0,Uvas Passas,Importação
Não consta na tabela,2003,0,0,Uvas Passas,Importação
Não consta na tabela,2004,0,0,Uvas Passas,Importação
Não consta na tabela,2005,0,0,Uvas Passas,Importação
Não consta na tabela,2006,0,0,Uvas Passas,Importação
Não consta na tabela,2007,0,0,Uvas Passas,Importação
Não consta na tabela,2008,0,0,Uvas Passas,Importação
Não consta na tabela,2009,0,0,Uvas Passas,Importação
Não consta na tabela,2010,0,0,Uvas Passas,Importação
Não consta na tabela,2011,0,0,Uvas Passas,Importação
Não consta na tabela,2012,0,0,Uvas Passas,Importação
Não consta na tabela,2013,0,0,Uvas Passas,Importação
Não consta na tabela,2014,0,0,Uvas Passas,Importação
Não consta na tabela,2015,0,0,Uvas Passas,Importação
Não consta na tabela,2016,0,0,Uvas Passas,Importação
Não consta na tabela,2017,0,0,Uvas Passas,Importação
Não consta na tabela,2018,0,0,Uvas Passas,Importação
Não consta na tabela,2019,0,0,Uvas Passas,Importação
Não consta na tabela,2020,0,0,Uvas Passas,Importação
Não consta na tabela,2021,0,0,Uvas Passas,Importação
Não consta na tabela,2022,0,0,Uvas Passas,Importação
Não consta na tabela,2023,0,0,Uvas Passas,Importação
Outros,1970,0,0,Uvas Passas,Importação
Outros,1971,0,0,Uvas Passas,Importação
Outros,1972,0,0,Uvas Passas,Importação
Outros,1973,0,0,Uvas Passas,Importação
Outros,1974,0,0,Uvas Passas,Importação
Outros,1975,0,0,Uvas Passas,Importação
Outros,1976,0,0,Uvas Passas,Importação
Outros,1977,0,0,Uvas Passas,Importação
Outros,1978,0,0,Uvas Passas,Importação
Outros,1979,0,0,Uvas Passas,Importação
Outros,1980,0,0,Uvas Passas,Importação
Outros,1981,0,0,Uvas Passas,Importação
Outros,1982,0,0,Uvas Passas,Importação
Outros,1983,0,0,Uvas Passas,Importação
Outros,1984,0,0,Uvas Passas,Importação
Outros,1985,0,0,Uvas Passas,Importação
Outros,1986,0,0,Uvas Passas,Importação
Outros,1987,0,0,Uvas Passas,Importação
Outros,1988,0,0,Uvas Passas,Importação
Outros,1989,0,0,Uvas Passas,Importação
Outros,1990,0,0,Uvas Passas,Importação
Outros,1991,0,0,Uvas Passas,Importação
Outros,1992,0,0,Uvas Passas,Importação
Outros,1993,51,50,Uvas Passas,Importação
Outros,1994,102,150,Uvas Passas,Importação
Outros,1995,40054,24077,Uvas Passas,Importação
Outros,1996,75,459,Uvas Passas,Importação
Outros,1997,5475,10518,Uvas Passas,Importação
Outros,1998,0,0,Uvas Passas,Importação
Outros,1999,35150,46985,Uvas Passas,Importação
Outros,2000,38375,45483,Uvas Passas,Importação
Outros,2001,3967,4363,Uvas Passas,Importação
Outros,2002,0,0,Uvas Passas,Importação
Outros,2003,0,0,Uvas Passas,Importação
Outros,2004,0,0,Uvas Passas,Importação
Outros,2005,0,0,Uvas Passas,Importação
Outros,2006,0,0,Uvas Passas,Importação
Outros,2007,0,0,Uvas Passas,Importação
Outros,2008,0,0,Uvas Passas,Importação
Outros,2009,0,0,Uvas Passas,Importação
Outros,2010,0,0,Uvas Passas,Importação
Outros,2011,0,0,Uvas Passas,Importação
Outros,2012,0,0,Uvas Passas,Importação
Outros,2013,0,0,Uvas Passas,Importação
Outros,2014,0,0,Uvas Passas,Importação
Outros,2015,0,0,Uvas Passas,Importação
Outros,2016,0,0,Uvas Passas,Importação
Outros,2017,0,0,Uvas Passas,Importação
Outros,2018,0,0,Uvas Passas,Importação
Outros,2019,0,0,Uvas Passas,Importação
Outros,2020,0,0,Uvas Passas,Importação
Outros,2021,0,0,Uvas Passas,Importação
Outros,2022,0,0,Uvas Passas,Importação
Outros,2023,0,0,Uvas Passas,Importação
