País,ano,quantidade,valor_usd
Afeganistão,1970,0,0
Afeganistão,1971,0,0
Afeganistão,1972,0,0
Afeganistão,1973,0,0
Afeganistão,1974,0,0
Afeganistão,1975,0,0
Afeganistão,1976,0,0
Afeganistão,1977,0,0
Afeganistão,1978,0,0
Afeganistão,1979,0,0
Afeganistão,1980,0,0
Afeganistão,1981,0,0
Afeganistão,1982,0,0
Afeganistão,1983,0,0
Afeganistão,1984,0,0
Afeganistão,1985,0,0
Afeganistão,1986,0,0
Afeganistão,1987,0,0
Afeganistão,1988,0,0
Afeganistão,1989,0,0
Afeganistão,1990,0,0
Afeganistão,1991,0,0
Afeganistão,1992,0,0
Afeganistão,1993,0,0
Afeganistão,1994,0,0
Afeganistão,1995,0,0
Afeganistão,1996,0,0
Afeganistão,1997,0,0
Afeganistão,1998,0,0
Afeganistão,1999,0,0
Afeganistão,2000,0,0
Afeganistão,2001,0,0
Afeganistão,2002,0,0
Afeganistão,2003,0,0
Afeganistão,2004,0,0
Afeganistão,2005,0,0
Afeganistão,2006,0,0
Afeganistão,2007,0,0
Afeganistão,2008,0,0
Afeganistão,2009,0,0
Afeganistão,2010,18000,28050
Afeganistão,2011,400000,669059
Afeganistão,2012,0,0
Afeganistão,2013,18000,32600
Afeganistão,2014,456000,789790
Afeganistão,2015,125000,179545
Afeganistão,2016,0,0
Afeganistão,2017,0,0
Afeganistão,2018,0,0
Afeganistão,2019,40000,65452
Afeganistão,2020,0,0
Afeganistão,2021,0,484
Afeganistão,2022,0,0
Afeganistão,2023,0,0
África do Sul,1970,0,0
África do Sul,1971,0,0
África do Sul,1972,0,0
África do Sul,1973,0,0
África do Sul,1974,0,0
África do Sul,1975,72000,54360
África do Sul,1976,0,0
África do Sul,1977,0,0
África do Sul,1978,0,0
África do Sul,1979,0,0
África do Sul,1980,0,0
África do Sul,1981,0,0
África do Sul,1982,0,0
África do Sul,1983,0,0
África do Sul,1984,0,0
África do Sul,1985,0,0
África do Sul,1986,0,0
África do Sul,1987,0,0
África do Sul,1988,0,0
África do Sul,1989,0,0
África do Sul,1990,0,0
África do Sul,1991,0,0
África do Sul,1992,0,0
África do Sul,1993,0,0
África do Sul,1994,0,0
África do Sul,1995,0,0
África do Sul,1996,0,0
África do Sul,1997,15253,29681
África do Sul,1998,178585,341606
África do Sul,1999,66912,123771
África do Sul,2000,35617,54452
África do Sul,2001,152070,190827
África do Sul,2002,88885,103632
África do Sul,2003,59000,96513
África do Sul,2004,0,0
África do Sul,2005,17940,23195
África do Sul,2006,19000,27050
África do Sul,2007,99500,215677
África do Sul,2008,641051,1032307
África do Sul,2009,195000,563360
África do Sul,2010,700846,2037012
África do Sul,2011,184250,596923
África do Sul,2012,986750,3527083
África do Sul,2013,0,0
África do Sul,2014,2220275,3507617
África do Sul,2015,1418063,3278109
África do Sul,2016,617500,1487082
África do Sul,2017,370500,942442
África do Sul,2018,1089700,3106052
África do Sul,2019,270875,763921
África do Sul,2020,616688,1433381
África do Sul,2021,327000,531327
África do Sul,2022,657826,1266633
África do Sul,2023,151500,397825
"Alemanha, República Democrática",1970,0,0
"Alemanha, República Democrática",1971,0,0
"Alemanha, República Democrática",1972,3000,3366
"Alemanha, República Democrática",1973,0,0
"Alemanha, República Democrática",1974,0,0
"Alemanha, República Democrática",1975,29988,2283
"Alemanha, República Democrática",1976,0,0
"Alemanha, República Democrática",1977,0,0
"Alemanha, República Democrática",1978,0,0
"Alemanha, República Democrática",1979,0,0
"Alemanha, República Democrática",1980,0,0
"Alemanha, República Democrática",1981,0,0
"Alemanha, República Democrática",1982,0,0
"Alemanha, República Democrática",1983,0,0
"Alemanha, República Democrática",1984,0,0
"Alemanha, República Democrática",1985,0,0
"Alemanha, República Democrática",1986,0,0
"Alemanha, República Democrática",1987,0,0
"Alemanha, República Democrática",1988,0,0
"Alemanha, República Democrática",1989,0,0
"Alemanha, República Democrática",1990,0,0
"Alemanha, República Democrática",1991,0,0
"Alemanha, República Democrática",1992,0,0
"Alemanha, República Democrática",1993,0,0
"Alemanha, República Democrática",1994,3,8
"Alemanha, República Democrática",1995,12,22
"Alemanha, República Democrática",1996,29,31
"Alemanha, República Democrática",1997,95005,107123
"Alemanha, República Democrática",1998,143,101
"Alemanha, República Democrática",1999,0,0
"Alemanha, República Democrática",2000,0,0
"Alemanha, República Democrática",2001,0,0
"Alemanha, República Democrática",2002,0,0
"Alemanha, República Democrática",2003,0,0
"Alemanha, República Democrática",2004,0,0
"Alemanha, República Democrática",2005,0,0
"Alemanha, República Democrática",2006,0,0
"Alemanha, República Democrática",2007,0,0
"Alemanha, República Democrática",2008,0,0
"Alemanha, República Democrática",2009,0,0
"Alemanha, República Democrática",2010,0,0
"Alemanha, República Democrática",2011,0,0
"Alemanha, República Democrática",2012,0,0
"Alemanha, República Democrática",2013,0,0
"Alemanha, República Democrática",2014,0,0
"Alemanha, República Democrática",2015,0,0
"Alemanha, República Democrática",2016,0,0
"Alemanha, República Democrática",2017,0,0
"Alemanha, República Democrática",2018,0,0
"Alemanha, República Democrática",2019,0,0
"Alemanha, República Democrática",2020,0,0
"Alemanha, República Democrática",2021,0,0
"Alemanha, República Democrática",2022,0,0
"Alemanha, República Democrática",2023,0,0
Arábia Saudita,1970,0,0
Arábia Saudita,1971,0,0
Arábia Saudita,1972,0,0
Arábia Saudita,1973,0,0
Arábia Saudita,1974,0,0
Arábia Saudita,1975,0,0
Arábia Saudita,1976,0,0
Arábia Saudita,1977,0,0
Arábia Saudita,1978,0,0
Arábia Saudita,1979,0,0
Arábia Saudita,1980,0,0
Arábia Saudita,1981,0,0
Arábia Saudita,1982,0,0
Arábia Saudita,1983,0,0
Arábia Saudita,1984,0,0
Arábia Saudita,1985,0,0
Arábia Saudita,1986,0,0
Arábia Saudita,1987,0,0
Arábia Saudita,1988,0,0
Arábia Saudita,1989,0,0
Arábia Saudita,1990,0,0
Arábia Saudita,1991,0,0
Arábia Saudita,1992,0,0
Arábia Saudita,1993,0,0
Arábia Saudita,1994,0,0
Arábia Saudita,1995,0,0
Arábia Saudita,1996,0,0
Arábia Saudita,1997,0,0
Arábia Saudita,1998,0,0
Arábia Saudita,1999,0,0
Arábia Saudita,2000,0,0
Arábia Saudita,2001,0,0
Arábia Saudita,2002,0,0
Arábia Saudita,2003,18000,16900
Arábia Saudita,2004,0,0
Arábia Saudita,2005,0,0
Arábia Saudita,2006,0,0
Arábia Saudita,2007,0,0
Arábia Saudita,2008,0,0
Arábia Saudita,2009,0,0
Arábia Saudita,2010,0,0
Arábia Saudita,2011,0,0
Arábia Saudita,2012,0,0
Arábia Saudita,2013,0,0
Arábia Saudita,2014,0,0
Arábia Saudita,2015,0,0
Arábia Saudita,2016,0,0
Arábia Saudita,2017,0,0
Arábia Saudita,2018,0,0
Arábia Saudita,2019,0,0
Arábia Saudita,2020,0,0
Arábia Saudita,2021,0,0
Arábia Saudita,2022,0,0
Arábia Saudita,2023,0,0
Argentina,1970,1530058,845068
Argentina,1971,1206326,936632
Argentina,1972,1047482,981648
Argentina,1973,1277380,1848195
Argentina,1974,1004987,1154210
Argentina,1975,1583972,1142114
Argentina,1976,2731566,2573741
Argentina,1977,2549687,2663929
Argentina,1978,2385266,2683017
Argentina,1979,1527094,3998797
Argentina,1980,1586137,3707049
Argentina,1981,1558200,1937074
Argentina,1982,1875664,1739134
Argentina,1983,2238826,1476166
Argentina,1984,1662475,1626556
Argentina,1985,1519220,1420332
Argentina,1986,2116776,2515764
Argentina,1987,3011500,2988697
Argentina,1988,7894789,7741832
Argentina,1989,6392930,6765394
Argentina,1990,3758190,3641098
Argentina,1991,4726726,4931971
Argentina,1992,3061443,4023359
Argentina,1993,1772727,3079487
Argentina,1994,4433113,5435003
Argentina,1995,4172453,4708913
Argentina,1996,7103048,8416185
Argentina,1997,5673231,8436301
Argentina,1998,4237403,6256924
Argentina,1999,3438508,4855950
Argentina,2000,3367629,3886025
Argentina,2001,2634368,2444780
Argentina,2002,10502997,7213368
Argentina,2003,6449180,5741921
Argentina,2004,12287672,14106821
Argentina,2005,10271403,12379126
Argentina,2006,11555010,14810371
Argentina,2007,15203133,19187668
Argentina,2008,15641645,26994373
Argentina,2009,17209323,24106889
Argentina,2010,17279688,34499504
Argentina,2011,20533473,43262321
Argentina,2012,19728826,43648893
Argentina,2013,20571302,47105230
Argentina,2014,14681136,34049473
Argentina,2015,20905602,32341307
Argentina,2016,23280908,34643821
Argentina,2017,19742996,34422405
Argentina,2018,23564519,43501396
Argentina,2019,24135143,48810789
Argentina,2020,24992502,36743996
Argentina,2021,24015825,33337604
Argentina,2022,20829418,35659325
Argentina,2023,19758017,36404746
Austrália,1970,0,0
Austrália,1971,0,0
Austrália,1972,89025,52819
Austrália,1973,0,0
Austrália,1974,88754,88567
Austrália,1975,66750,59852
Austrália,1976,0,0
Austrália,1977,0,0
Austrália,1978,0,0
Austrália,1979,0,0
Austrália,1980,0,0
Austrália,1981,0,0
Austrália,1982,0,0
Austrália,1983,0,0
Austrália,1984,0,0
Austrália,1985,0,0
Austrália,1986,0,0
Austrália,1987,0,0
Austrália,1988,0,0
Austrália,1989,0,0
Austrália,1990,0,0
Austrália,1991,0,0
Austrália,1992,0,0
Austrália,1993,0,0
Austrália,1994,0,0
Austrália,1995,0,0
Austrália,1996,0,0
Austrália,1997,0,0
Austrália,1998,0,0
Austrália,1999,0,0
Austrália,2000,0,0
Austrália,2001,0,0
Austrália,2002,0,0
Austrália,2003,0,0
Austrália,2004,0,0
Austrália,2005,0,0
Austrália,2006,0,0
Austrália,2007,0,0
Austrália,2008,0,0
Austrália,2009,0,0
Austrália,2010,0,0
Austrália,2011,0,0
Austrália,2012,0,0
Austrália,2013,0,0
Austrália,2014,0,0
Austrália,2015,0,0
Austrália,2016,0,0
Austrália,2017,0,0
Austrália,2018,0,0
Austrália,2019,0,0
Austrália,2020,0,0
Austrália,2021,0,0
Austrália,2022,0,0
Austrália,2023,0,0
Bélgica,1970,0,0
Bélgica,1971,0,0
Bélgica,1972,0,0
Bélgica,1973,0,0
Bélgica,1974,0,0
Bélgica,1975,0,0
Bélgica,1976,0,0
Bélgica,1977,0,0
Bélgica,1978,0,0
Bélgica,1979,0,0
Bélgica,1980,0,0
Bélgica,1981,0,0
Bélgica,1982,0,0
Bélgica,1983,0,0
Bélgica,1984,0,0
Bélgica,1985,0,0
Bélgica,1986,0,0
Bélgica,1987,0,0
Bélgica,1988,0,0
Bélgica,1989,0,0
Bélgica,1990,0,0
Bélgica,1991,0,0
Bélgica,1992,0,0
Bélgica,1993,0,0
Bélgica,1994,0,0
Bélgica,1995,0,0
Bélgica,1996,0,0
Bélgica,1997,0,0
Bélgica,1998,0,0
Bélgica,1999,0,0
Bélgica,2000,0,0
Bélgica,2001,102625,55359
Bélgica,2002,20750,17563
Bélgica,2003,187450,141872
Bélgica,2004,41500,30416
Bélgica,2005,0,0
Bélgica,2006,0,0
Bélgica,2007,0,0
Bélgica,2008,0,0
Bélgica,2009,0,0
Bélgica,2010,0,0
Bélgica,2011,0,0
Bélgica,2012,0,0
Bélgica,2013,0,0
Bélgica,2014,0,0
Bélgica,2015,0,0
Bélgica,2016,0,0
Bélgica,2017,0,0
Bélgica,2018,0,0
Bélgica,2019,0,0
Bélgica,2020,0,0
Bélgica,2021,0,0
Bélgica,2022,0,0
Bélgica,2023,0,0
Chile,1970,4000,1040
Chile,1971,0,0
Chile,1972,0,0
Chile,1973,59747,66242
Chile,1974,0,0
Chile,1975,555818,714754
Chile,1976,582102,643686
Chile,1977,670742,1052119
Chile,1978,756026,1278523
Chile,1979,1088002,2567693
Chile,1980,484040,1100566
Chile,1981,327662,647273
Chile,1982,961997,1572341
Chile,1983,1258680,1527431
Chile,1984,1100570,1051746
Chile,1985,1730970,1608648
Chile,1986,2792410,2668045
Chile,1987,2810680,2854162
Chile,1988,2747990,2277103
Chile,1989,5592520,5272318
Chile,1990,3431648,3543179
Chile,1991,5372062,5582460
Chile,1992,3149429,3817499
Chile,1993,4604409,5788115
Chile,1994,6568978,7727671
Chile,1995,32331682,9055566
Chile,1996,6036433,8191108
Chile,1997,3882680,6518525
Chile,1998,4033736,6056881
Chile,1999,3853245,5815682
Chile,2000,4909468,5801413
Chile,2001,3223998,3319107
Chile,2002,1108017,1020342
Chile,2003,6011522,5283111
Chile,2004,933010,1200730
Chile,2005,534750,735554
Chile,2006,3847300,4531374
Chile,2007,1239130,1415636
Chile,2008,2075850,3697242
Chile,2009,4498510,6469816
Chile,2010,814720,1660791
Chile,2011,1127280,2614062
Chile,2012,2046530,5049441
Chile,2013,453310,1123963
Chile,2014,2615382,5771763
Chile,2015,747700,1522661
Chile,2016,365670,613554
Chile,2017,483305,971604
Chile,2018,127231,290772
Chile,2019,384437,1096176
Chile,2020,286774,567197
Chile,2021,225630,462855
Chile,2022,3584100,5524707
Chile,2023,4411180,7107544
China,1970,0,0
China,1971,0,0
China,1972,0,0
China,1973,0,0
China,1974,0,0
China,1975,0,0
China,1976,0,0
China,1977,0,0
China,1978,0,0
China,1979,0,0
China,1980,0,0
China,1981,0,0
China,1982,0,0
China,1983,0,0
China,1984,0,0
China,1985,0,0
China,1986,0,0
China,1987,0,0
China,1988,0,0
China,1989,0,0
China,1990,0,0
China,1991,0,0
China,1992,0,0
China,1993,0,0
China,1994,0,0
China,1995,0,0
China,1996,0,0
China,1997,0,0
China,1998,0,0
China,1999,0,0
China,2000,0,0
China,2001,0,0
China,2002,0,0
China,2003,0,0
China,2004,0,0
China,2005,0,0
China,2006,0,0
China,2007,0,0
China,2008,0,0
China,2009,0,0
China,2010,0,0
China,2011,0,0
China,2012,0,0
China,2013,0,0
China,2014,0,0
China,2015,0,0
China,2016,0,0
China,2017,0,0
China,2018,0,0
China,2019,0,0
China,2020,172000,178472
China,2021,110,76
China,2022,0,0
China,2023,72000,111390
China Continental,1970,0,0
China Continental,1971,0,0
China Continental,1972,0,0
China Continental,1973,25000,5210
China Continental,1974,0,0
China Continental,1975,0,0
China Continental,1976,0,0
China Continental,1977,0,0
China Continental,1978,0,0
China Continental,1979,0,0
China Continental,1980,0,0
China Continental,1981,0,0
China Continental,1982,0,0
China Continental,1983,0,0
China Continental,1984,0,0
China Continental,1985,0,0
China Continental,1986,0,0
China Continental,1987,0,0
China Continental,1988,0,0
China Continental,1989,0,0
China Continental,1990,0,0
China Continental,1991,0,0
China Continental,1992,0,0
China Continental,1993,0,0
China Continental,1994,0,0
China Continental,1995,41,39
China Continental,1996,0,0
China Continental,1997,0,0
China Continental,1998,0,0
China Continental,1999,0,0
China Continental,2000,0,0
China Continental,2001,0,0
China Continental,2002,0,0
China Continental,2003,0,0
China Continental,2004,0,0
China Continental,2005,0,0
China Continental,2006,0,0
China Continental,2007,148000,250669
China Continental,2008,0,0
China Continental,2009,0,0
China Continental,2010,19000,39520
China Continental,2011,19200,51100
China Continental,2012,63000,216812
China Continental,2013,100027,193223
China Continental,2014,98050,142328
China Continental,2015,0,0
China Continental,2016,0,0
China Continental,2017,53000,65028
China Continental,2018,224165,279253
China Continental,2019,934000,1352954
China Continental,2020,0,0
China Continental,2021,0,0
China Continental,2022,0,0
China Continental,2023,0,0
Cingapura,1970,0,0
Cingapura,1971,0,0
Cingapura,1972,0,0
Cingapura,1973,0,0
Cingapura,1974,0,0
Cingapura,1975,0,0
Cingapura,1976,0,0
Cingapura,1977,0,0
Cingapura,1978,0,0
Cingapura,1979,0,0
Cingapura,1980,0,0
Cingapura,1981,0,0
Cingapura,1982,0,0
Cingapura,1983,0,0
Cingapura,1984,0,0
Cingapura,1985,0,0
Cingapura,1986,0,0
Cingapura,1987,0,0
Cingapura,1988,0,0
Cingapura,1989,0,0
Cingapura,1990,0,0
Cingapura,1991,0,0
Cingapura,1992,0,0
Cingapura,1993,0,0
Cingapura,1994,0,0
Cingapura,1995,0,0
Cingapura,1996,0,0
Cingapura,1997,0,0
Cingapura,1998,0,0
Cingapura,1999,0,0
Cingapura,2000,0,0
Cingapura,2001,0,0
Cingapura,2002,0,0
Cingapura,2003,0,0
Cingapura,2004,0,0
Cingapura,2005,0,0
Cingapura,2006,0,0
Cingapura,2007,0,0
Cingapura,2008,0,0
Cingapura,2009,0,0
Cingapura,2010,0,0
Cingapura,2011,38150,97572
Cingapura,2012,0,0
Cingapura,2013,40000,77213
Cingapura,2014,0,0
Cingapura,2015,0,0
Cingapura,2016,0,0
Cingapura,2017,0,0
Cingapura,2018,0,0
Cingapura,2019,0,0
Cingapura,2020,0,0
Cingapura,2021,0,0
Cingapura,2022,0,0
Cingapura,2023,0,0
Costa Rica,1970,0,0
Costa Rica,1971,0,0
Costa Rica,1972,0,0
Costa Rica,1973,0,0
Costa Rica,1974,0,0
Costa Rica,1975,0,0
Costa Rica,1976,0,0
Costa Rica,1977,0,0
Costa Rica,1978,0,0
Costa Rica,1979,0,0
Costa Rica,1980,0,0
Costa Rica,1981,0,0
Costa Rica,1982,0,0
Costa Rica,1983,0,0
Costa Rica,1984,0,0
Costa Rica,1985,0,0
Costa Rica,1986,0,0
Costa Rica,1987,0,0
Costa Rica,1988,0,0
Costa Rica,1989,0,0
Costa Rica,1990,0,0
Costa Rica,1991,0,0
Costa Rica,1992,0,0
Costa Rica,1993,0,0
Costa Rica,1994,0,0
Costa Rica,1995,0,0
Costa Rica,1996,0,0
Costa Rica,1997,0,0
Costa Rica,1998,0,0
Costa Rica,1999,0,0
Costa Rica,2000,0,0
Costa Rica,2001,0,0
Costa Rica,2002,0,0
Costa Rica,2003,0,0
Costa Rica,2004,0,0
Costa Rica,2005,0,0
Costa Rica,2006,0,0
Costa Rica,2007,0,0
Costa Rica,2008,0,0
Costa Rica,2009,0,0
Costa Rica,2010,0,0
Costa Rica,2011,0,0
Costa Rica,2012,0,0
Costa Rica,2013,0,0
Costa Rica,2014,0,0
Costa Rica,2015,0,0
Costa Rica,2016,0,0
Costa Rica,2017,0,0
Costa Rica,2018,0,0
Costa Rica,2019,0,0
Costa Rica,2020,0,0
Costa Rica,2021,0,0
Costa Rica,2022,49000,95550
Costa Rica,2023,0,0
Emirados,1970,0,0
Emirados,1971,0,0
Emirados,1972,0,0
Emirados,1973,0,0
Emirados,1974,0,0
Emirados,1975,0,0
Emirados,1976,0,0
Emirados,1977,0,0
Emirados,1978,0,0
Emirados,1979,0,0
Emirados,1980,0,0
Emirados,1981,0,0
Emirados,1982,0,0
Emirados,1983,0,0
Emirados,1984,0,0
Emirados,1985,0,0
Emirados,1986,0,0
Emirados,1987,0,0
Emirados,1988,0,0
Emirados,1989,0,0
Emirados,1990,0,0
Emirados,1991,0,0
Emirados,1992,196800,200604
Emirados,1993,0,0
Emirados,1994,36000,36181
Emirados,1995,49580,53853
Emirados,1996,31250,53081
Emirados,1997,89820,103183
Emirados,1998,17420,26546
Emirados,1999,0,0
Emirados,2000,17500,16119
Emirados,2001,36000,23190
Emirados,2002,18000,22750
Emirados,2003,271970,259971
Emirados,2004,329470,351485
Emirados,2005,489760,503598
Emirados,2006,182745,236628
Emirados,2007,0,0
Emirados,2008,124510,204910
Emirados,2009,39000,94203
Emirados,2010,20000,44949
Emirados,2011,35460,100631
Emirados,2012,19000,70026
Emirados,2013,240800,442625
Emirados,2014,100000,184835
Emirados,2015,40000,95856
Emirados,2016,0,0
Emirados,2017,0,0
Emirados,2018,0,0
Emirados,2019,0,0
Emirados,2020,0,0
Emirados,2021,0,0
Emirados,2022,0,0
Emirados,2023,0,0
Espanha,1970,20000,9584
Espanha,1971,15000,14403
Espanha,1972,57208,59951
Espanha,1973,144000,170234
Espanha,1974,9500,14640
Espanha,1975,7500,15495
Espanha,1976,2000,5320
Espanha,1977,0,0
Espanha,1978,3000,10850
Espanha,1979,1680,7056
Espanha,1980,0,0
Espanha,1981,0,0
Espanha,1982,0,0
Espanha,1983,0,0
Espanha,1984,0,0
Espanha,1985,0,0
Espanha,1986,0,0
Espanha,1987,0,0
Espanha,1988,0,0
Espanha,1989,0,0
Espanha,1990,0,0
Espanha,1991,0,0
Espanha,1992,0,0
Espanha,1993,0,0
Espanha,1994,0,0
Espanha,1995,3222,8090
Espanha,1996,338,1158
Espanha,1997,6000,23763
Espanha,1998,6004,25691
Espanha,1999,288,1080
Espanha,2000,303,1096
Espanha,2001,0,0
Espanha,2002,0,0
Espanha,2003,0,0
Espanha,2004,0,0
Espanha,2005,0,0
Espanha,2006,0,0
Espanha,2007,0,0
Espanha,2008,0,0
Espanha,2009,0,0
Espanha,2010,0,0
Espanha,2011,0,0
Espanha,2012,0,0
Espanha,2013,0,0
Espanha,2014,0,0
Espanha,2015,0,0
Espanha,2016,0,0
Espanha,2017,0,0
Espanha,2018,0,0
Espanha,2019,1,24
Espanha,2020,0,0
Espanha,2021,0,0
Espanha,2022,0,0
Espanha,2023,0,0
Estados Unidos,1970,415210,305494
Estados Unidos,1971,429346,292067
Estados Unidos,1972,411443,456999
Estados Unidos,1973,538195,700181
Estados Unidos,1974,953941,1447142
Estados Unidos,1975,494268,674204
Estados Unidos,1976,25285,46885
Estados Unidos,1977,171998,378357
Estados Unidos,1978,102285,251489
Estados Unidos,1979,53591,227326
Estados Unidos,1980,148029,387349
Estados Unidos,1981,126804,326790
Estados Unidos,1982,140722,266479
Estados Unidos,1983,329134,395315
Estados Unidos,1984,128745,132786
Estados Unidos,1985,157087,165238
Estados Unidos,1986,672895,991667
Estados Unidos,1987,117167,178174
Estados Unidos,1988,161093,268528
Estados Unidos,1989,196634,331736
Estados Unidos,1990,167980,337966
Estados Unidos,1991,135629,210446
Estados Unidos,1992,320890,457440
Estados Unidos,1993,772669,1214020
Estados Unidos,1994,832061,1241890
Estados Unidos,1995,643784,990177
Estados Unidos,1996,732591,1405841
Estados Unidos,1997,1397848,2457078
Estados Unidos,1998,1306508,2037588
Estados Unidos,1999,514513,1094056
Estados Unidos,2000,573211,1123705
Estados Unidos,2001,487549,773763
Estados Unidos,2002,427744,557678
Estados Unidos,2003,504069,767763
Estados Unidos,2004,470966,748024
Estados Unidos,2005,448370,966879
Estados Unidos,2006,493921,977964
Estados Unidos,2007,370796,780250
Estados Unidos,2008,448157,923410
Estados Unidos,2009,347316,783086
Estados Unidos,2010,526225,1274258
Estados Unidos,2011,391515,1180759
Estados Unidos,2012,512716,1619257
Estados Unidos,2013,538319,1622047
Estados Unidos,2014,369887,1113398
Estados Unidos,2015,350138,1034494
Estados Unidos,2016,236134,636045
Estados Unidos,2017,257670,671036
Estados Unidos,2018,42859,244215
Estados Unidos,2019,90132,345044
Estados Unidos,2020,105360,266627
Estados Unidos,2021,109043,325880
Estados Unidos,2022,115517,380380
Estados Unidos,2023,7578,58262
França,1970,0,0
França,1971,0,0
França,1972,0,0
França,1973,0,0
França,1974,0,0
França,1975,0,0
França,1976,0,0
França,1977,0,0
França,1978,0,0
França,1979,0,0
França,1980,0,0
França,1981,0,0
França,1982,0,0
França,1983,0,0
França,1984,0,0
França,1985,0,0
França,1986,0,0
França,1987,0,0
França,1988,0,0
França,1989,0,0
França,1990,0,0
França,1991,0,0
França,1992,0,0
França,1993,0,0
França,1994,0,0
França,1995,20,7
França,1996,49,386
França,1997,0,0
França,1998,19510,33593
França,1999,0,0
França,2000,0,0
França,2001,0,0
França,2002,0,0
França,2003,0,0
França,2004,0,0
França,2005,0,0
França,2006,0,0
França,2007,0,0
França,2008,0,0
França,2009,0,0
França,2010,0,0
França,2011,0,0
França,2012,1474,12148
França,2013,720,6016
França,2014,1600,3368
França,2015,658,4705
França,2016,0,0
França,2017,0,0
França,2018,0,0
França,2019,0,0
França,2020,0,0
França,2021,0,0
França,2022,0,0
França,2023,0,0
Grécia,1970,178475,56586
Grécia,1971,302825,95349
Grécia,1972,369763,134178
Grécia,1973,132420,180586
Grécia,1974,139103,149364
Grécia,1975,28335,22989
Grécia,1976,0,0
Grécia,1977,20000,23500
Grécia,1978,12500,12812
Grécia,1979,25000,36813
Grécia,1980,25000,50563
Grécia,1981,0,0
Grécia,1982,0,0
Grécia,1983,0,0
Grécia,1984,0,0
Grécia,1985,0,0
Grécia,1986,0,0
Grécia,1987,0,0
Grécia,1988,0,0
Grécia,1989,0,0
Grécia,1990,0,0
Grécia,1991,0,0
Grécia,1992,154975,160597
Grécia,1993,54000,56960
Grécia,1994,81012,101264
Grécia,1995,21220,27337
Grécia,1996,19000,27170
Grécia,1997,459500,499383
Grécia,1998,138000,151548
Grécia,1999,91000,130910
Grécia,2000,0,0
Grécia,2001,0,0
Grécia,2002,0,0
Grécia,2003,0,0
Grécia,2004,0,0
Grécia,2005,0,0
Grécia,2006,0,0
Grécia,2007,0,0
Grécia,2008,0,0
Grécia,2009,0,0
Grécia,2010,0,0
Grécia,2011,4095,25496
Grécia,2012,0,0
Grécia,2013,0,0
Grécia,2014,10000,24994
Grécia,2015,0,0
Grécia,2016,4000,9248
Grécia,2017,1950,4287
Grécia,2018,1600,5156
Grécia,2019,0,0
Grécia,2020,0,0
Grécia,2021,0,0
Grécia,2022,0,0
Grécia,2023,0,0
Guiana Britânica,1970,334,202
Guiana Britânica,1971,0,0
Guiana Britânica,1972,0,0
Guiana Britânica,1973,0,0
Guiana Britânica,1974,0,0
Guiana Britânica,1975,0,0
Guiana Britânica,1976,0,0
Guiana Britânica,1977,0,0
Guiana Britânica,1978,0,0
Guiana Britânica,1979,0,0
Guiana Britânica,1980,0,0
Guiana Britânica,1981,0,0
Guiana Britânica,1982,0,0
Guiana Britânica,1983,0,0
Guiana Britânica,1984,0,0
Guiana Britânica,1985,0,0
Guiana Britânica,1986,0,0
Guiana Britânica,1987,0,0
Guiana Britânica,1988,0,0
Guiana Britânica,1989,0,0
Guiana Britânica,1990,0,0
Guiana Britânica,1991,0,0
Guiana Britânica,1992,0,0
Guiana Britânica,1993,0,0
Guiana Britânica,1994,0,0
Guiana Britânica,1995,0,0
Guiana Britânica,1996,0,0
Guiana Britânica,1997,0,0
Guiana Britânica,1998,0,0
Guiana Britânica,1999,0,0
Guiana Britânica,2000,0,0
Guiana Britânica,2001,0,0
Guiana Britânica,2002,0,0
Guiana Britânica,2003,0,0
Guiana Britânica,2004,0,0
Guiana Britânica,2005,0,0
Guiana Britânica,2006,0,0
Guiana Britânica,2007,0,0
Guiana Britânica,2008,0,0
Guiana Britânica,2009,0,0
Guiana Britânica,2010,0,0
Guiana Britânica,2011,0,0
Guiana Britânica,2012,0,0
Guiana Britânica,2013,0,0
Guiana Britânica,2014,0,0
Guiana Britânica,2015,0,0
Guiana Britânica,2016,0,0
Guiana Britânica,2017,0,0
Guiana Britânica,2018,0,0
Guiana Britânica,2019,0,0
Guiana Britânica,2020,0,0
Guiana Britânica,2021,0,0
Guiana Britânica,2022,0,0
Guiana Britânica,2023,0,0
Índia,1970,0,0
Índia,1971,0,0
Índia,1972,0,0
Índia,1973,0,0
Índia,1974,0,0
Índia,1975,0,0
Índia,1976,0,0
Índia,1977,0,0
Índia,1978,0,0
Índia,1979,0,0
Índia,1980,0,0
Índia,1981,0,0
Índia,1982,0,0
Índia,1983,0,0
Índia,1984,0,0
Índia,1985,0,0
Índia,1986,0,0
Índia,1987,0,0
Índia,1988,0,0
Índia,1989,0,0
Índia,1990,0,0
Índia,1991,0,0
Índia,1992,0,0
Índia,1993,0,0
Índia,1994,0,0
Índia,1995,0,0
Índia,1996,0,0
Índia,1997,0,0
Índia,1998,0,0
Índia,1999,0,0
Índia,2000,0,0
Índia,2001,0,0
Índia,2002,0,0
Índia,2003,0,0
Índia,2004,0,0
Índia,2005,0,0
Índia,2006,0,0
Índia,2007,0,0
Índia,2008,0,0
Índia,2009,128000,270168
Índia,2010,0,0
Índia,2011,0,0
Índia,2012,166862,268758
Índia,2013,36000,64213
Índia,2014,247000,377422
Índia,2015,57000,60717
Índia,2016,162000,346815
Índia,2017,397130,476398
Índia,2018,736700,1007031
Índia,2019,481000,677056
Índia,2020,883000,813317
Índia,2021,577250,504532
Índia,2022,2767840,2568914
Índia,2023,1293900,1379545
Irã,1970,0,0
Irã,1971,0,0
Irã,1972,0,0
Irã,1973,0,0
Irã,1974,0,0
Irã,1975,5,0
Irã,1976,0,0
Irã,1977,0,0
Irã,1978,0,0
Irã,1979,0,0
Irã,1980,0,0
Irã,1981,0,0
Irã,1982,0,0
Irã,1983,0,0
Irã,1984,0,0
Irã,1985,0,0
Irã,1986,0,0
Irã,1987,0,0
Irã,1988,0,0
Irã,1989,0,0
Irã,1990,0,0
Irã,1991,18500,17740
Irã,1992,17800,24319
Irã,1993,586390,642149
Irã,1994,1013544,872062
Irã,1995,369269,394150
Irã,1996,34000,44200
Irã,1997,226480,224265
Irã,1998,16500,23475
Irã,1999,1128400,1329891
Irã,2000,700130,773013
Irã,2001,1353836,780010
Irã,2002,528875,368147
Irã,2003,592175,558656
Irã,2004,929370,1001650
Irã,2005,893890,894899
Irã,2006,1337820,1726898
Irã,2007,1040345,1679789
Irã,2008,1089540,1925865
Irã,2009,112460,191560
Irã,2010,4112310,6968914
Irã,2011,533570,1250450
Irã,2012,306700,995038
Irã,2013,1415828,2617493
Irã,2014,942500,1700379
Irã,2015,184500,418722
Irã,2016,493000,1113453
Irã,2017,1194500,1975882
Irã,2018,340000,817941
Irã,2019,646000,1369316
Irã,2020,435600,927189
Irã,2021,514700,843794
Irã,2022,403000,948438
Irã,2023,786500,1832934
Itália,1970,33600,11396
Itália,1971,27860,7104
Itália,1972,70000,20790
Itália,1973,59136,25428
Itália,1974,69650,41790
Itália,1975,150000,80854
Itália,1976,0,0
Itália,1977,0,0
Itália,1978,0,0
Itália,1979,0,0
Itália,1980,0,0
Itália,1981,0,0
Itália,1982,0,0
Itália,1983,0,0
Itália,1984,0,0
Itália,1985,0,0
Itália,1986,0,0
Itália,1987,0,0
Itália,1988,0,0
Itália,1989,0,0
Itália,1990,0,0
Itália,1991,0,0
Itália,1992,0,0
Itália,1993,0,0
Itália,1994,0,0
Itália,1995,0,0
Itália,1996,0,0
Itália,1997,40320,43142
Itália,1998,0,0
Itália,1999,0,0
Itália,2000,0,0
Itália,2001,0,0
Itália,2002,0,0
Itália,2003,0,0
Itália,2004,0,0
Itália,2005,0,0
Itália,2006,0,0
Itália,2007,2075,6600
Itália,2008,1250,5491
Itália,2009,0,0
Itália,2010,0,0
Itália,2011,10,39
Itália,2012,0,0
Itália,2013,0,0
Itália,2014,0,0
Itália,2015,0,0
Itália,2016,0,0
Itália,2017,0,0
Itália,2018,0,0
Itália,2019,0,0
Itália,2020,0,0
Itália,2021,0,0
Itália,2022,0,0
Itália,2023,0,0
Japão,1970,0,0
Japão,1971,7221,4458
Japão,1972,0,0
Japão,1973,0,0
Japão,1974,0,0
Japão,1975,0,0
Japão,1976,0,0
Japão,1977,0,0
Japão,1978,0,0
Japão,1979,0,0
Japão,1980,0,0
Japão,1981,0,0
Japão,1982,0,0
Japão,1983,0,0
Japão,1984,0,0
Japão,1985,0,0
Japão,1986,0,0
Japão,1987,0,0
Japão,1988,0,0
Japão,1989,0,0
Japão,1990,0,0
Japão,1991,0,0
Japão,1992,0,0
Japão,1993,0,0
Japão,1994,0,0
Japão,1995,0,0
Japão,1996,0,0
Japão,1997,0,0
Japão,1998,0,0
Japão,1999,0,0
Japão,2000,0,0
Japão,2001,0,0
Japão,2002,0,0
Japão,2003,0,0
Japão,2004,0,0
Japão,2005,0,0
Japão,2006,0,0
Japão,2007,0,0
Japão,2008,0,0
Japão,2009,0,0
Japão,2010,0,0
Japão,2011,0,0
Japão,2012,0,0
Japão,2013,0,0
Japão,2014,0,0
Japão,2015,0,0
Japão,2016,0,0
Japão,2017,0,0
Japão,2018,0,0
Japão,2019,0,0
Japão,2020,0,0
Japão,2021,0,0
Japão,2022,0,0
Japão,2023,0,0
México,1970,170172,100310
México,1971,209257,129483
México,1972,150827,120736
México,1973,28906,24653
México,1974,40000,60896
México,1975,234900,293712
México,1976,172500,203960
México,1977,686190,990436
México,1978,778330,1154578
México,1979,1126710,2530026
México,1980,1336070,2674311
México,1981,1228260,2382306
México,1982,1214593,2115847
México,1983,1485417,1944974
México,1984,520390,578989
México,1985,1194306,1202597
México,1986,1164262,1113425
México,1987,1180260,1246750
México,1988,194910,223533
México,1989,585700,807367
México,1990,420100,623068
México,1991,353640,533265
México,1992,251100,371880
México,1993,637474,894588
México,1994,351600,529428
México,1995,749518,938320
México,1996,269500,311525
México,1997,183000,308985
México,1998,156160,219099
México,1999,96000,137957
México,2000,17500,32538
México,2001,0,0
México,2002,0,0
México,2003,0,0
México,2004,0,0
México,2005,0,0
México,2006,0,0
México,2007,0,0
México,2008,0,0
México,2009,0,0
México,2010,0,0
México,2011,0,0
México,2012,0,0
México,2013,0,0
México,2014,0,0
México,2015,0,0
México,2016,0,0
México,2017,0,0
México,2018,0,0
México,2019,0,0
México,2020,0,0
México,2021,0,0
México,2022,0,0
México,2023,0,0
Países Baixos,1970,104,91
Países Baixos,1971,0,0
Países Baixos,1972,0,0
Países Baixos,1973,0,0
Países Baixos,1974,0,0
Países Baixos,1975,0,0
Países Baixos,1976,12000,1038
Países Baixos,1977,0,0
Países Baixos,1978,0,0
Países Baixos,1979,0,0
Países Baixos,1980,0,0
Países Baixos,1981,0,0
Países Baixos,1982,0,0
Países Baixos,1983,0,0
Países Baixos,1984,0,0
Países Baixos,1985,0,0
Países Baixos,1986,0,0
Países Baixos,1987,0,0
Países Baixos,1988,0,0
Países Baixos,1989,0,0
Países Baixos,1990,0,0
Países Baixos,1991,0,0
Países Baixos,1992,0,0
Países Baixos,1993,0,0
Países Baixos,1994,0,0
Países Baixos,1995,0,0
Países Baixos,1996,0,0
Países Baixos,1997,0,0
Países Baixos,1998,0,0
Países Baixos,1999,0,0
Países Baixos,2000,0,0
Países Baixos,2001,0,0
Países Baixos,2002,0,0
Países Baixos,2003,0,0
Países Baixos,2004,0,0
Países Baixos,2005,0,0
Países Baixos,2006,0,0
Países Baixos,2007,0,0
Países Baixos,2008,0,0
Países Baixos,2009,0,0
Países Baixos,2010,0,0
Países Baixos,2011,0,0
Países Baixos,2012,0,0
Países Baixos,2013,0,0
Países Baixos,2014,0,0
Países Baixos,2015,0,0
Países Baixos,2016,0,0
Países Baixos,2017,0,0
Países Baixos,2018,0,0
Países Baixos,2019,0,0
Países Baixos,2020,0,0
Países Baixos,2021,0,0
Países Baixos,2022,0,0
Países Baixos,2023,0,0
Paraguai,1970,0,0
Paraguai,1971,0,0
Paraguai,1972,0,0
Paraguai,1973,0,0
Paraguai,1974,0,0
Paraguai,1975,20000,12000
Paraguai,1976,0,0
Paraguai,1977,0,0
Paraguai,1978,0,0
Paraguai,1979,0,0
Paraguai,1980,0,0
Paraguai,1981,0,0
Paraguai,1982,0,0
Paraguai,1983,0,0
Paraguai,1984,0,0
Paraguai,1985,0,0
Paraguai,1986,0,0
Paraguai,1987,0,0
Paraguai,1988,0,0
Paraguai,1989,0,0
Paraguai,1990,0,0
Paraguai,1991,0,0
Paraguai,1992,0,0
Paraguai,1993,0,0
Paraguai,1994,22000,27500
Paraguai,1995,0,0
Paraguai,1996,0,0
Paraguai,1997,0,0
Paraguai,1998,0,0
Paraguai,1999,0,0
Paraguai,2000,0,0
Paraguai,2001,0,0
Paraguai,2002,0,0
Paraguai,2003,0,0
Paraguai,2004,0,0
Paraguai,2005,0,0
Paraguai,2006,0,0
Paraguai,2007,0,0
Paraguai,2008,0,0
Paraguai,2009,0,0
Paraguai,2010,0,0
Paraguai,2011,0,0
Paraguai,2012,0,0
Paraguai,2013,0,0
Paraguai,2014,0,0
Paraguai,2015,0,0
Paraguai,2016,0,0
Paraguai,2017,0,0
Paraguai,2018,0,0
Paraguai,2019,0,0
Paraguai,2020,0,0
Paraguai,2021,0,0
Paraguai,2022,0,0
Paraguai,2023,0,0
Peru,1970,0,0
Peru,1971,0,0
Peru,1972,0,0
Peru,1973,0,0
Peru,1974,0,0
Peru,1975,0,0
Peru,1976,0,0
Peru,1977,0,0
Peru,1978,0,0
Peru,1979,0,0
Peru,1980,0,0
Peru,1981,0,0
Peru,1982,0,0
Peru,1983,0,0
Peru,1984,0,0
Peru,1985,0,0
Peru,1986,0,0
Peru,1987,0,0
Peru,1988,0,0
Peru,1989,0,0
Peru,1990,0,0
Peru,1991,0,0
Peru,1992,0,0
Peru,1993,0,0
Peru,1994,0,0
Peru,1995,0,0
Peru,1996,0,0
Peru,1997,0,0
Peru,1998,0,0
Peru,1999,0,0
Peru,2000,0,0
Peru,2001,0,0
Peru,2002,0,0
Peru,2003,0,0
Peru,2004,0,0
Peru,2005,0,0
Peru,2006,0,0
Peru,2007,0,0
Peru,2008,0,0
Peru,2009,0,0
Peru,2010,0,0
Peru,2011,0,0
Peru,2012,0,0
Peru,2013,0,0
Peru,2014,0,0
Peru,2015,0,0
Peru,2016,0,0
Peru,2017,10,10
Peru,2018,0,0
Peru,2019,0,0
Peru,2020,0,0
Peru,2021,0,0
Peru,2022,0,0
Peru,2023,25000,40630
Portugal,1970,0,0
Portugal,1971,0,0
Portugal,1972,0,0
Portugal,1973,0,0
Portugal,1974,0,0
Portugal,1975,0,0
Portugal,1976,0,0
Portugal,1977,0,0
Portugal,1978,0,0
Portugal,1979,0,0
Portugal,1980,0,0
Portugal,1981,0,0
Portugal,1982,0,0
Portugal,1983,0,0
Portugal,1984,0,0
Portugal,1985,0,0
Portugal,1986,0,0
Portugal,1987,0,0
Portugal,1988,0,0
Portugal,1989,0,0
Portugal,1990,0,0
Portugal,1991,0,0
Portugal,1992,0,0
Portugal,1993,0,0
Portugal,1994,0,0
Portugal,1995,0,0
Portugal,1996,0,0
Portugal,1997,0,0
Portugal,1998,0,0
Portugal,1999,0,0
Portugal,2000,0,0
Portugal,2001,0,0
Portugal,2002,0,0
Portugal,2003,0,0
Portugal,2004,0,0
Portugal,2005,0,0
Portugal,2006,0,0
Portugal,2007,0,0
Portugal,2008,0,0
Portugal,2009,0,0
Portugal,2010,0,0
Portugal,2011,13,59
Portugal,2012,0,0
Portugal,2013,0,0
Portugal,2014,0,0
Portugal,2015,250,445
Portugal,2016,0,0
Portugal,2017,0,0
Portugal,2018,0,0
Portugal,2019,0,2
Portugal,2020,0,0
Portugal,2021,0,0
Portugal,2022,0,0
Portugal,2023,0,0
Reino Unido,1970,39,29
Reino Unido,1971,211,174
Reino Unido,1972,276,249
Reino Unido,1973,0,0
Reino Unido,1974,0,0
Reino Unido,1975,0,0
Reino Unido,1976,0,0
Reino Unido,1977,0,0
Reino Unido,1978,0,0
Reino Unido,1979,0,0
Reino Unido,1980,0,0
Reino Unido,1981,0,0
Reino Unido,1982,0,0
Reino Unido,1983,0,0
Reino Unido,1984,0,0
Reino Unido,1985,0,0
Reino Unido,1986,0,0
Reino Unido,1987,0,0
Reino Unido,1988,0,0
Reino Unido,1989,0,0
Reino Unido,1990,0,0
Reino Unido,1991,0,0
Reino Unido,1992,0,0
Reino Unido,1993,0,0
Reino Unido,1994,0,0
Reino Unido,1995,0,0
Reino Unido,1996,0,0
Reino Unido,1997,0,0
Reino Unido,1998,0,0
Reino Unido,1999,0,0
Reino Unido,2000,0,0
Reino Unido,2001,0,0
Reino Unido,2002,0,0
Reino Unido,2003,0,0
Reino Unido,2004,0,0
Reino Unido,2005,0,0
Reino Unido,2006,0,0
Reino Unido,2007,0,0
Reino Unido,2008,0,0
Reino Unido,2009,0,0
Reino Unido,2010,0,0
Reino Unido,2011,0,0
Reino Unido,2012,0,0
Reino Unido,2013,0,0
Reino Unido,2014,10,170
Reino Unido,2015,25,426
Reino Unido,2016,21,402
Reino Unido,2017,66,1494
Reino Unido,2018,20,461
Reino Unido,2019,11,209
Reino Unido,2020,0,0
Reino Unido,2021,0,0
Reino Unido,2022,0,0
Reino Unido,2023,0,0
Suécia,1970,12000,3866
Suécia,1971,0,0
Suécia,1972,0,0
Suécia,1973,0,0
Suécia,1974,0,0
Suécia,1975,0,0
Suécia,1976,0,0
Suécia,1977,0,0
Suécia,1978,0,0
Suécia,1979,0,0
Suécia,1980,0,0
Suécia,1981,0,0
Suécia,1982,0,0
Suécia,1983,0,0
Suécia,1984,0,0
Suécia,1985,0,0
Suécia,1986,0,0
Suécia,1987,0,0
Suécia,1988,0,0
Suécia,1989,0,0
Suécia,1990,0,0
Suécia,1991,0,0
Suécia,1992,0,0
Suécia,1993,0,0
Suécia,1994,0,0
Suécia,1995,0,0
Suécia,1996,0,0
Suécia,1997,0,0
Suécia,1998,0,0
Suécia,1999,0,0
Suécia,2000,0,0
Suécia,2001,0,0
Suécia,2002,0,0
Suécia,2003,0,0
Suécia,2004,0,0
Suécia,2005,0,0
Suécia,2006,0,0
Suécia,2007,0,0
Suécia,2008,0,0
Suécia,2009,0,0
Suécia,2010,0,0
Suécia,2011,0,0
Suécia,2012,0,0
Suécia,2013,0,0
Suécia,2014,0,0
Suécia,2015,0,0
Suécia,2016,0,0
Suécia,2017,0,0
Suécia,2018,0,0
Suécia,2019,0,0
Suécia,2020,0,0
Suécia,2021,0,0
Suécia,2022,0,0
Suécia,2023,0,0
Turquia,1970,124832,41962
Turquia,1971,306025,88018
Turquia,1972,556402,169087
Turquia,1973,324242,276922
Turquia,1974,116338,118050
Turquia,1975,7000,4571
Turquia,1976,0,0
Turquia,1977,0,0
Turquia,1978,0,0
Turquia,1979,0,0
Turquia,1980,7000,11885
Turquia,1981,0,0
Turquia,1982,58996,74610
Turquia,1983,0,0
Turquia,1984,85288,65951
Turquia,1985,60120,48212
Turquia,1986,1102260,859244
Turquia,1987,189140,151522
Turquia,1988,1000,1225
Turquia,1989,55300,57715
Turquia,1990,4900,6860
Turquia,1991,36800,40816
Turquia,1992,435600,412348
Turquia,1993,593460,591601
Turquia,1994,975130,842411
Turquia,1995,158550,170454
Turquia,1996,615150,649499
Turquia,1997,4342570,4854419
Turquia,1998,5336758,5591214
Turquia,1999,6792500,6548193
Turquia,2000,5268800,4496527
Turquia,2001,8413300,4646072
Turquia,2002,987370,642681
Turquia,2003,913290,669604
Turquia,2004,1666888,1531208
Turquia,2005,2914500,2704370
Turquia,2006,2300140,2550285
Turquia,2007,792250,911049
Turquia,2008,124100,188996
Turquia,2009,126600,169075
Turquia,2010,2428575,4111212
Turquia,2011,987310,1735466
Turquia,2012,709785,1161161
Turquia,2013,0,0
Turquia,2014,1981070,3507617
Turquia,2015,1006000,1666760
Turquia,2016,2386092,3162573
Turquia,2017,2834805,4001169
Turquia,2018,262616,494370
Turquia,2019,427590,865709
Turquia,2020,607780,1210554
Turquia,2021,186000,311165
Turquia,2022,1477000,2602207
Turquia,2023,2621500,4152236
Uruguai,1970,0,0
Uruguai,1971,0,0
Uruguai,1972,0,0
Uruguai,1973,0,0
Uruguai,1974,0,0
Uruguai,1975,0,0
Uruguai,1976,0,0
Uruguai,1977,0,0
Uruguai,1978,0,0
Uruguai,1979,0,0
Uruguai,1980,0,0
Uruguai,1981,0,0
Uruguai,1982,0,0
Uruguai,1983,0,0
Uruguai,1984,0,0
Uruguai,1985,0,0
Uruguai,1986,0,0
Uruguai,1987,0,0
Uruguai,1988,0,0
Uruguai,1989,0,0
Uruguai,1990,0,0
Uruguai,1991,0,0
Uruguai,1992,0,0
Uruguai,1993,0,0
Uruguai,1994,0,0
Uruguai,1995,0,0
Uruguai,1996,0,0
Uruguai,1997,0,0
Uruguai,1998,0,0
Uruguai,1999,0,0
Uruguai,2000,0,0
Uruguai,2001,0,0
Uruguai,2002,75000,47250
Uruguai,2003,16800,17400
Uruguai,2004,0,0
Uruguai,2005,0,0
Uruguai,2006,0,0
Uruguai,2007,0,0
Uruguai,2008,0,0
Uruguai,2009,0,0
Uruguai,2010,0,0
Uruguai,2011,0,0
Uruguai,2012,0,0
Uruguai,2013,0,0
Uruguai,2014,0,0
Uruguai,2015,0,0
Uruguai,2016,0,0
Uruguai,2017,0,0
Uruguai,2018,0,0
Uruguai,2019,0,0
Uruguai,2020,25000,35866
Uruguai,2021,0,0
Uruguai,2022,0,0
Uruguai,2023,0,0
Uzbequistão,1970,0,0
Uzbequistão,1971,0,0
Uzbequistão,1972,0,0
Uzbequistão,1973,0,0
Uzbequistão,1974,0,0
Uzbequistão,1975,0,0
Uzbequistão,1976,0,0
Uzbequistão,1977,0,0
Uzbequistão,1978,0,0
Uzbequistão,1979,0,0
Uzbequistão,1980,0,0
Uzbequistão,1981,0,0
Uzbequistão,1982,0,0
Uzbequistão,1983,0,0
Uzbequistão,1984,0,0
Uzbequistão,1985,0,0
Uzbequistão,1986,0,0
Uzbequistão,1987,0,0
Uzbequistão,1988,0,0
Uzbequistão,1989,0,0
Uzbequistão,1990,0,0
Uzbequistão,1991,0,0
Uzbequistão,1992,0,0
Uzbequistão,1993,0,0
Uzbequistão,1994,0,0
Uzbequistão,1995,0,0
Uzbequistão,1996,0,0
Uzbequistão,1997,0,0
Uzbequistão,1998,0,0
Uzbequistão,1999,0,0
Uzbequistão,2000,0,0
Uzbequistão,2001,0,0
Uzbequistão,2002,0,0
Uzbequistão,2003,0,0
Uzbequistão,2004,0,0
Uzbequistão,2005,26000,18570
Uzbequistão,2006,40000,32135
Uzbequistão,2007,0,0
Uzbequistão,2008,0,0
Uzbequistão,2009,0,0
Uzbequistão,2010,0,0
Uzbequistão,2011,40000,63483
Uzbequistão,2012,71900,127883
Uzbequistão,2013,0,0
Uzbequistão,2014,0,0
Uzbequistão,2015,0,0
Uzbequistão,2016,0,0
Uzbequistão,2017,0,0
Uzbequistão,2018,0,0
Uzbequistão,2019,399630,624285
Uzbequistão,2020,397030,450389
Uzbequistão,2021,0,0
Uzbequistão,2022,132000,165492
Uzbequistão,2023,2045600,2433719
Venezuela,1970,0,0
Venezuela,1971,0,0
Venezuela,1972,0,0
Venezuela,1973,256,686
Venezuela,1974,561,1236
Venezuela,1975,2240,6252
Venezuela,1976,270,817
Venezuela,1977,0,0
Venezuela,1978,0,0
Venezuela,1979,0,0
Venezuela,1980,0,0
Venezuela,1981,0,0
Venezuela,1982,0,0
Venezuela,1983,0,0
Venezuela,1984,0,0
Venezuela,1985,0,0
Venezuela,1986,0,0
Venezuela,1987,0,0
Venezuela,1988,0,0
Venezuela,1989,0,0
Venezuela,1990,0,0
Venezuela,1991,0,0
Venezuela,1992,0,0
Venezuela,1993,1000,200
Venezuela,1994,130,110
Venezuela,1995,3015,1473
Venezuela,1996,1210,437
Venezuela,1997,750,283
Venezuela,1998,40,14
Venezuela,1999,0,0
Venezuela,2000,0,0
Venezuela,2001,0,0
Venezuela,2002,0,0
Venezuela,2003,0,0
Venezuela,2004,0,0
Venezuela,2005,0,0
Venezuela,2006,0,0
Venezuela,2007,0,0
Venezuela,2008,0,0
Venezuela,2009,0,0
Venezuela,2010,0,0
Venezuela,2011,0,0
Venezuela,2012,0,0
Venezuela,2013,0,0
Venezuela,2014,0,0
Venezuela,2015,0,0
Venezuela,2016,0,0
Venezuela,2017,0,0
Venezuela,2018,0,0
Venezuela,2019,0,0
Venezuela,2020,0,0
Venezuela,2021,0,0
Venezuela,2022,0,0
Venezuela,2023,0,0
Não consta na tabela,1970,0,0
Não consta na tabela,1971,0,0
Não consta na tabela,1972,0,0
Não consta na tabela,1973,0,0
Não consta na tabela,1974,0,0
Não consta na tabela,1975,0,0
Não consta na tabela,1976,0,0
Não consta na tabela,1977,0,0
Não consta na tabela,1978,0,0
Não consta na tabela,1979,0,0
Não consta na tabela,1980,0,0
Não consta na tabela,1981,0,0
Não consta na tabela,1982,0,0
Não consta na tabela,1983,0,0
Não consta na tabela,1984,0,0
Não consta na tabela,1985,0,0
Não consta na tabela,1986,0,0
Não consta na tabela,1987,0,0
Não consta na tabela,1988,0,0
Não consta na tabela,1989,0,0
Não consta na tabela,1990,0,0
Não consta na tabela,1991,0,0
Não consta na tabela,1992,0,0
Não consta na tabela,1993,0,0
Não consta na tabela,1994,0,0
Não consta na tabela,1995,0,0
Não consta na tabela,1996,2,9
Não consta na tabela,1997,0,0
Não consta na tabela,1998,0,0
Não consta na tabela,1999,0,0
Não consta na tabela,2000,0,0
Não consta na tabela,2001,0,0
Não consta na tabela,2002,0,0
Não consta na tabela,2003,0,0
Não consta na tabela,2004,0,0
Não consta na tabela,2005,0,0
Não consta na tabela,2006,0,0
Não consta na tabela,2007,0,0
Não consta na tabela,2008,0,0
Não consta na tabela,2009,0,0
Não consta na tabela,2010,0,0
Não consta na tabela,2011,0,0
Não consta na tabela,2012,0,0
Não consta na tabela,2013,0,0
Não consta na tabela,2014,0,0
Não consta na tabela,2015,0,0
Não consta na tabela,2016,0,0
Não consta na tabela,2017,0,0
Não consta na tabela,2018,0,0
Não consta na tabela,2019,0,0
Não consta na tabela,2020,0,0
Não consta na tabela,2021,0,0
Não consta na tabela,2022,0,0
Não consta na tabela,2023,0,0
Outros,1970,0,0
Outros,1971,0,0
Outros,1972,0,0
Outros,1973,0,0
Outros,1974,0,0
Outros,1975,0,0
Outros,1976,0,0
Outros,1977,0,0
Outros,1978,0,0
Outros,1979,0,0
Outros,1980,0,0
Outros,1981,0,0
Outros,1982,0,0
Outros,1983,0,0
Outros,1984,0,0
Outros,1985,0,0
Outros,1986,0,0
Outros,1987,0,0
Outros,1988,0,0
Outros,1989,0,0
Outros,1990,0,0
Outros,1991,0,0
Outros,1992,0,0
Outros,1993,51,50
Outros,1994,102,150
Outros,1995,40054,24077
Outros,1996,75,459
Outros,1997,5475,10518
Outros,1998,0,0
Outros,1999,35150,46985
Outros,2000,38375,45483
Outros,2001,3967,4363
Outros,2002,0,0
Outros,2003,0,0
Outros,2004,0,0
Outros,2005,0,0
Outros,2006,0,0
Outros,2007,0,0
Outros,2008,0,0
Outros,2009,0,0
Outros,2010,0,0
Outros,2011,0,0
Outros,2012,0,0
Outros,2013,0,0
Outros,2014,0,0
Outros,2015,0,0
Outros,2016,0,0
Outros,2017,0,0
Outros,2018,0,0
Outros,2019,0,0
Outros,2020,0,0
Outros,2021,0,0
Outros,2022,0,0
Outros,2023,0,0
